"TARGET","BEDS","BATHS","SQUARE.FEET","LOT.SIZE","YEAR.BUILT","DAYS.ON.MARKET","X..SQUARE.FEET","HOA.MONTH","LATITUDE","LONGITUDE","PROPERTY.TYPEMobile.Manufactured.Home","PROPERTY.TYPESingle.Family.Residential","PROPERTY.TYPETownhouse","PROPERTY.TYPEMulti.Family..2.4.Unit.","PROPERTY.TYPEMulti.Family..5..Unit.","PROPERTY.TYPEOther"
1,4,2.5,2388,8537,1985,6,262,8,38.8043489,-77.2975569,0,1,0,0,0,0
1,2,2,1426,6969,2017,9,375,337,38.851005,-77.317099,0,0,1,0,0,0
1,4,3.5,3424,217800,2018,19,394,280,38.8348749,-77.3360402,0,1,0,0,0,0
1,3,3.5,2094,6969,2017,120,344,184,38.8442531,-77.3045432,0,0,1,0,0,0
1,4,4.5,5217,6969,1989,54.5,259,280,38.8132999,-77.3694096,0,1,0,0,0,0
1,6,7,5190,19297,2005,1,346,280,33.8621954,-84.3613931,0,1,0,0,0,0
1,3,2,1930,13111,1925,2,404,280,33.784313,-84.3620503,0,1,0,0,0,0
1,3,2.5,2906,6969,2017,2,179,25,33.820845,-84.37141,0,0,1,0,0,0
1,3,2,1587,8276,1940,2,195,280,33.7421519,-84.4422303,0,1,0,0,0,0
0,1,1,620,6969,2005,4,391,22,33.8455184,-84.3689686,0,0,0,0,0,0
1,5,4.5,5670,33149,2002,5,220,280,33.9195944,-84.4206021,0,1,0,0,0,0
0,2,2.5,2111,6969,1976,6,135,398,33.8621896,-84.465571,0,0,1,0,0,0
0,4,2,1909,13068,1969,6,102,280,33.7105855,-84.334546,0,1,0,0,0,0
1,4,2.5,2834,6969,2002,6,145,280,33.8676889,-84.4645184,0,1,0,0,0,0
1,1,1,783,6969,2008,7,409,363,33.7780871,-84.3838967,0,0,0,0,0,0
0,2,2,1400,6969,1925,7,200,50,33.8331921,-84.3837299,0,0,0,0,0,0
1,4,4.5,4490,6969,2018,9,209,28,33.8676889,-84.4645184,0,0,1,0,0,0
1,6,4.5,3849,43560,1999,12,119,21,33.6936959,-84.5681171,0,1,0,0,0,0
1,7,8,6689,116740,2000,12,253,280,33.9015579,-84.4330847,0,1,0,0,0,0
0,3,2,1200,6969,1924,16,150,280,33.7254839,-84.3950015,0,1,0,0,0,0
1,4,2,1426,16988,1956,19,337,280,33.8206443,-84.3496247,0,1,0,0,0,0
1,3,3.5,3650,6969,2004,21,112,280,33.9122781,-84.4640993,0,0,1,0,0,0
1,3,2,1670,13068,1951,21,239,280,33.809733,-84.340087,0,1,0,0,0,0
1,5,4.5,3604,6446,2018,21,146,42,33.7341489,-84.3244401,0,1,0,0,0,0
1,5,6.5,7191,152460,1975,22,369,280,33.8355312,-84.4443836,0,1,0,0,0,0
1,5,5.5,6599,20560,1987,27,220,71,33.8372815,-84.3931953,0,1,0,0,0,0
1,4,3,2454,9583,2015,27,230,280,33.7561995,-84.3384906,0,1,0,0,0,0
1,4,3.5,2797,6229,2018,28,181,42,33.7341489,-84.3244401,0,1,0,0,0,0
0,3,1.5,2010,13068,1959,30,144,280,33.8580569,-84.3015609,0,1,0,0,0,0
1,3,3.5,3798,10890,1996,33,276,13,33.8400133,-84.3663011,0,1,0,0,0,0
1,5,5.5,5368,30491,1935,34,333,280,33.8598018,-84.3437497,0,1,0,0,0,0
0,3,2,1449,1306,1970,37,28,280,33.601167,-84.475503,0,0,0,0,0,0
1,5,5.5,4700,17511,2018,37,255,280,33.8870766,-84.3638574,0,1,0,0,0,0
0,1,1,768,6969,2007,37,117,280,33.7556717,-84.4165112,0,0,0,0,0,0
0,3,2.5,1617,6969,2018,40,141,4,33.7202711,-84.3166721,0,0,1,0,0,0
1,4,4.5,2680,6969,2018,41,281,360,33.8049485,-84.387635,0,0,1,0,0,0
1,3,3,3635,21780,1925,41,323,280,33.8593726,-84.3457629,0,1,0,0,0,0
1,3,2,1356,871,1949,42,273,280,33.730382,-84.3324914,0,1,0,0,0,0
0,3,2.5,1410,52272,1976,53,156,280,33.6819004,-84.574013,0,1,0,0,0,0
1,5,3,2275,6969,2018,58,176,280,33.7129837,-84.3632208,0,1,0,0,0,0
1,3,3,2027,6969,2008,58,343,1102,33.8453162,-84.3715372,0,0,0,0,0,0
1,4,5,3523,8712,2017,61,284,280,33.7542543,-84.3084472,0,1,0,0,0,0
0,3,3,1604,13068,2001,63,131,50,33.7208733,-84.3225461,0,1,0,0,0,0
0,3,2.5,1777,6969,2017,63,95,49,33.6048013,-84.4442929,0,1,0,0,0,0
1,4,3.5,3665,17424,2017,65,271,280,33.8506877,-84.2939749,0,1,0,0,0,0
0,3,1,796,9234,1960,76,157,280,33.801922,-84.480068,0,1,0,0,0,0
1,5,3,3720,19558,1959,89,169,280,33.9353805,-84.4020411,0,1,0,0,0,0
1,4,3,2800,19602,1928,91,321,280,33.7964431,-84.3624404,0,1,0,0,0,0
0,4,3,3583,10410,1965,92,71,280,33.742367,-84.5211749,0,1,0,0,0,0
0,3,2,1776,6969,1955,93,115,280,33.6684649,-84.4001735,0,1,0,0,0,0
1,4,2.5,3832,40815,1972,96,151,280,33.955888,-84.374593,0,1,0,0,0,0
1,4,2.5,2239,6969,2017,103,152,42,33.707675,-84.308863,0,1,0,0,0,0
1,3,2,1657,7013,1920,104,374,280,33.7574442,-84.3757668,0,1,0,0,0,0
1,4,3.5,3080,6969,2017,104,252,250,33.914116,-84.383711,0,1,0,0,0,0
1,5,3,3444,13068,1962,110,127,280,33.8585952,-84.3005133,0,1,0,0,0,0
1,4,3,2900,49135,1961,112,259,280,33.840394,-84.362539,0,1,0,0,0,0
0,5,2.5,2768,16988,2005,112,91,46,33.6721076,-84.5823583,0,1,0,0,0,0
1,3,3.5,2010,6969,2018,121,303,195,33.7674408,-84.3706059,0,0,1,0,0,0
1,6,4.5,5257,19384,1998,121,79,63,33.7226942,-84.5463394,0,1,0,0,0,0
1,7,7.5,6883,165528,2004,126,580,280,33.8993257,-84.4317851,0,1,0,0,0,0
1,3,3.5,4400,6969,2008,132,676,280,33.8215601,-84.3882872,0,0,0,0,0,0
1,6,6,7681,39204,2006,138,345,280,33.7821851,-84.3397643,0,1,0,0,0,0
1,5,3,3955,19471,1920,140,151,280,33.8167948,-84.4653179,0,1,0,0,0,0
1,6,5.5,7083,21431,2008,142,352,280,33.8037618,-84.3555605,0,1,0,0,0,0
1,6,4,3236,48787,1972,146,162,280,33.9789184,-84.338655,0,1,0,0,0,0
0,3,2,1736,7840,1935,153,99,280,33.7298903,-84.4386207,0,1,0,0,0,0
0,3,1.5,1040,31363,1962,163,58,280,33.6666049,-84.629326,0,1,0,0,0,0
1,6,5.5,7200,21910,2016,182,302,280,33.8851154,-84.3990509,0,1,0,0,0,0
1,3,3.5,2819,6969,2015,216,816,150,33.7836468,-84.3829526,0,0,0,0,0,0
1,5,4.5,4837,23827,1997,219,258,280,33.8621521,-84.3661573,0,1,0,0,0,0
1,2,1,1170,12109,1949,257,321,280,33.874569,-84.3768549,0,1,0,0,0,0
0,2,1,1347,113256,1956,329,100,280,33.664611,-84.551194,0,1,0,0,0,0
1,6,7.5,7581,100187,1988,404,165,17,33.9815167,-84.3012569,0,1,0,0,0,0
0,3,1,1020,20037,1949,130,64,280,33.7128555,-84.4431326,0,1,0,0,0,0
1,5,2.5,2279,21780,1962,249,395,280,33.8584368,-84.340203,0,1,0,0,0,0
1,3,3.5,2213,6969,2017,75,229,280,33.846133,-84.332265,0,1,0,0,0,0
1,4,4.5,3700,6969,2017,186,256,280,33.8163677,-84.4653435,0,1,0,0,0,0
1,3,3.5,2285,6969,1989,54.5,245,280,33.9369881,-84.3632304,0,0,0,1,0,0
1,3,3.5,3511,6969,1989,54.5,162,280,33.9174889,-84.2956645,0,1,0,0,0,0
1,4,3.5,3050,6969,1989,54.5,191,280,33.9147357,-84.3842672,0,1,0,0,0,0
0,5,4,2941,6969,1989,54.5,84,280,33.630343,-84.540346,0,1,0,0,0,0
0,3,2.5,1708,6969,1989,54.5,96,280,33.601890563965,-84.445846557617,0,1,0,0,0,0
0,3,2,2237,6969,1989,54.5,98,280,33.6812814,-84.5969232,0,1,0,0,0,0
0,2,1.5,1080,1926,1956,1,119,280,39.292477,-76.521718,0,0,1,0,0,0
0,2,1,870,6969,1954,1,34,280,39.3375028,-76.5607801,0,0,1,0,0,0
0,2,1,920,6969,1923,1,38,280,39.2975415,-76.5708672,0,0,1,0,0,0
0,3,2.5,1295,6969,1900,2,224,280,39.2879093,-76.5905416,0,0,1,0,0,0
1,2,2,1224,1793,1910,2,274,280,39.2859033,-76.5741683,0,0,1,0,0,0
0,1,1,885,6969,2005,2,225,326,39.2755786,-76.6117121,0,0,0,0,0,0
0,2,2,1178,6969,1952,4,8,280,39.315481,-76.5684026,0,0,1,0,0,0
0,4,2,1454,6969,1948,4,78,280,39.3595923,-76.6010793,0,0,1,0,0,0
0,1,1,712,6969,1984,4,253,310,39.2803158,-76.6143336,0,0,0,0,0,0
1,5,2.5,1672,3410,1939,5,257,280,39.3774844,-76.6122814,0,0,1,0,0,0
0,3,1.5,1056,6969,1941,5,38,280,39.3457343,-76.6057421,0,0,1,0,0,0
1,4,5,2520,1307,1900,5,262,280,39.290867,-76.5906104,0,0,1,0,0,0
1,1,2,1980,1120,1920,6,174,280,39.2855498,-76.5708828,0,0,1,0,0,0
0,2,1,1200,6969,1900,9,200,280,39.328638,-76.633766,0,0,1,0,0,0
1,2,1,1078,6969,1875,10,296,280,39.2702609,-76.5900239,0,0,1,0,0,0
1,3,2.5,1682,6969,2017,12,196,56,39.2818876,-76.5573555,0,0,1,0,0,0
0,3,2,1531,6969,1920,12,163,790,39.3357499,-76.6211255,0,0,0,0,0,0
1,5,4.5,3500,6969,1853,13,186,280,39.3061909,-76.6247813,0,0,1,0,0,0
0,2,2.5,1440,6969,1920,13,208,280,39.2848579,-76.5815197,0,0,1,0,0,0
0,3,2,1288,6969,1920,13,82,280,39.299059,-76.66193,0,0,1,0,0,0
0,2,2.5,1559,6969,1968,13,109,528,39.3519789,-76.6453395,0,0,0,0,0,0
0,3,1.5,1227,6165,1920,14,53,280,39.3443832,-76.6648014,0,1,0,0,0,0
1,4,3,2822,6969,1920,15,148,280,39.306904,-76.6254359,0,0,1,0,0,0
0,4,2.5,1104,6247,1925,15,100,280,39.3309437,-76.5594467,0,0,1,0,0,0
0,2,1,728,6969,1900,17,295,280,39.2730581,-76.6094035,0,0,1,0,0,0
0,3,2.5,1749,6969,1968,17,85,351,39.3700833,-76.7110274,0,0,1,0,0,0
1,4,3,2466,1,1925,18,159,280,39.2890163,-76.7000958,0,1,0,0,0,0
0,3,2,2226,6969,2009,19,92,200,39.279807,-76.704955,0,0,1,0,0,0
0,3,1,1216,6969,1955,20,140,280,39.3681589,-76.5885307,0,0,1,0,0,0
0,3,2,1298,588,1920,21,215,280,39.286128,-76.588151,0,0,1,0,0,0
0,3,1,1232,6969,1920,21,61,280,39.3246054,-76.6042732,0,0,1,0,0,0
0,2,1,912,828,1875,22,38,280,39.279127,-76.635791,0,0,1,0,0,0
0,4,2,1152,6969,1920,24,52,280,39.2948803,-76.6681577,0,0,1,0,0,0
0,2,1,1102,6969,1942,30,95,280,39.2804947,-76.700644,0,0,1,0,0,0
0,1,1,745,6969,2005,34,248,599,39.2771286,-76.6054421,0,0,1,0,0,0
0,3,1.5,1180,436,1940,34,122,280,39.2974221,-76.6792602,0,0,1,0,0,0
0,4,1.5,1360,1307,1924,39,73,280,39.2968727,-76.6761138,0,0,1,0,0,0
0,4,1,1584,6969,1930,40,25,280,39.351336,-76.607731,0,0,1,0,0,0
0,5,2,1688,6969,1930,48,59,280,39.2949936,-76.6843308,0,0,1,0,0,0
1,4,3.5,2940,6969,2010,49,213,280,39.2805474,-76.5708331,0,0,1,0,0,0
0,3,3,1413,6969,2009,51,152,200,39.279619,-76.7049651,0,0,1,0,0,0
0,2,1.5,780,1827,1923,67,128,280,39.224145,-76.586985,0,0,1,0,0,0
1,3,2.5,1908,10030,1959,77,216,280,39.3767061,-76.6768016,0,1,0,0,0,0
0,4,1.5,1396,35898,1958,84,85,280,39.3275073,-76.5551988,0,1,0,0,0,0
0,4,2.5,1745,7148,1907,84,126,280,39.3632873,-76.6107451,0,1,0,0,0,0
0,2,1,960,6969,1920,84,72,280,39.2965014,-76.5731291,0,0,1,0,0,0
0,2,2,1372,6969,2007,100,208,280,39.2739572,-76.6097072,0,1,0,0,0,0
0,3,2,1336,6969,1919,103,52,280,39.293511,-76.68313,0,0,1,0,0,0
0,3,1,1064,6969,1920,107,15,280,39.2988421,-76.6618239,0,0,1,0,0,0
0,3,2,1140,13068,1950,110,99,280,39.357248,-76.578942,0,0,1,0,0,0
1,3,3.5,3595,3683,2017,114,178,317,39.3898579,-76.6616859,0,0,1,0,0,0
1,3,3.5,1759,6969,2018,120,342,80,39.2717552,-76.5913544,0,0,1,0,0,0
0,3,2,1160,6969,1930,125,99,280,39.3237733,-76.5692097,0,0,1,0,0,0
1,3,2.5,1917,6969,2017,126,188,56,39.2818876,-76.5573555,0,0,1,0,0,0
1,4,3,1832,6969,1910,128,235,280,39.2859604,-76.5738075,0,0,1,0,0,0
0,3,1,1432,6969,1920,131,7,280,39.3113194,-76.6419015,0,0,1,0,0,0
0,3,1,1040,6969,1940,140,47,280,39.236449,-76.6051704,0,0,1,0,0,0
1,6,3,4824,6969,1907,146,80,280,39.3135,-76.637437,0,0,1,0,0,0
0,3,1,1392,871,1900,151,29,280,39.286632,-76.6306821,0,1,0,0,0,0
0,3,2,1200,6969,1938,155,63,280,39.3279196,-76.5646702,0,0,1,0,0,0
1,2,2.5,1989,6969,2007,158,372,1843,39.2804736,-76.6059791,0,0,0,0,0,0
0,2,2.5,1761,960,1920,166,129,280,39.2973165,-76.5884205,0,0,1,0,0,0
0,2,2,1211,6969,1903,170,124,733,39.3021734,-76.6157222,0,0,0,0,0,0
0,2,2,1148,6969,2008,179,239,403,39.2888883,-76.6094546,0,0,0,0,0,0
0,2,1.5,978,2178,1898,207,128,280,39.2809945,-76.6315163,0,0,1,0,0,0
0,3,1.5,1346,871,1900,209,186,280,39.2923775,-76.5816996,0,0,1,0,0,0
1,3,2.5,1168,6969,1920,210,325,280,39.2819178,-76.5789026,0,0,1,0,0,0
0,3,1.5,1890,14100,1939,226,53,280,39.296949,-76.6818982,0,0,1,0,0,0
0,5,2,1715,6246,1960,261,102,280,39.3641357,-76.5632547,0,1,0,0,0,0
0,2,2,1230,1393920,1900,265,63,280,39.2781275,-76.6289225,0,0,1,0,0,0
0,3,1,1220,1307,1938,284,160,280,39.3335147,-76.6038615,0,0,1,0,0,0
0,5,2,1594,7497,1930,329,91,280,39.2803331,-76.7100789,0,1,0,0,0,0
0,2,3,1188,6969,1942,335,105,280,39.2790657,-76.5363845,0,0,1,0,0,0
0,2,1,1048,5977,1893,349,181,280,39.374013,-76.6504735,0,0,1,0,0,0
0,7,3.5,2824,7650,1920,351,78,280,39.3185311,-76.6760261,0,1,0,0,0,0
0,4,2,2460,6969,1940,352,71,280,39.2245751,-76.5912581,0,0,0,1,0,0
0,2,2,1297,6969,1967,352,35,890,39.3621162,-76.6998558,0,0,0,0,0,0
0,2,1,1218,6969,1922,366,119,280,39.2912115,-76.5684691,0,0,1,0,0,0
0,3,3,2752,5270,2008,392,100,280,39.3470475,-76.6411986,0,0,1,0,0,0
0,3,2.5,2838,8100,1913,401,83,280,39.3300342,-76.6820986,0,0,0,1,0,0
0,2,2,1105,887,1915,630,144,280,39.288695,-76.5568998,0,0,1,0,0,0
0,2,1.5,1088,4100,1985,965,55,280,39.3394769,-76.6074751,0,1,0,0,0,0
0,3,1.5,1372,10511,1959,9,147,280,37.5247765,-77.5131893,0,1,0,0,0,0
1,5,2.5,2828,19645,2003,14,118,280,37.4324069,-77.571278,0,1,0,0,0,0
0,3,2.5,1528,2517,2018,18,115,280,37.556717,-77.426827,0,1,0,0,0,0
1,3,2.5,2118,5401,1910,34,168,280,37.5704374,-77.4314927,0,1,0,0,0,0
0,3,2.5,1936,12458,1986,37,116,7,37.3846181,-77.4788758,0,1,0,0,0,0
1,4,3,2920,26876,1972,82,113,280,37.4896992,-77.6144333,0,1,0,0,0,0
1,3,2,2509,6969,2017,113,132,188,37.5756328,-77.485494,0,0,0,0,0,0
1,5,4.5,5174,28401,1990,117,112,21,37.4555433,-77.5678078,0,1,0,0,0,0
1,4,3.5,4336,24999,2017,131,314,280,37.5678125,-77.5301112,0,1,0,0,0,0
0,3,2,1942,15594,1979,141,110,280,37.490159,-77.582809,0,1,0,0,0,0
0,3,2,1688,21692,1979,163,107,280,37.4548731,-77.458836,0,1,0,0,0,0
1,5,4,3838,6721,2007,176,124,280,37.5422433,-77.5576688,0,1,0,0,0,0
1,4,2.5,2542,2125,1896,307,185,280,37.5272332,-77.4133738,0,1,0,0,0,0
1,4,2.5,2400,14374,2016,678,204,280,37.5112932,-77.5560558,0,1,0,0,0,0
0,3,2,1666,6969,1989,54.5,156,280,37.416359,-77.45887,0,1,0,0,0,0
0,3,2.5,1564,6969,1989,54.5,131,280,37.5373258,-77.3453453,0,0,1,0,0,0
0,2,2,1036,6969,1972,1,75,517,25.9232018,-80.2071665,0,0,0,0,0,0
0,1,1,580,6969,1966,1,217,150,25.728089,-80.3029107,0,0,0,0,0,0
1,4,2,2035,15857,1979,1,280,280,25.6497446,-80.3789788,0,1,0,0,0,0
0,3,2,1400,6969,1980,1,114,375,25.9579859,-80.186031,0,0,0,0,0,0
1,3,3.5,2441,4866,1991,1,172,280,25.6607404,-80.4266104,0,1,0,0,0,0
0,1,1.5,1125,6969,1972,1,126,320,25.7753608,-80.3470565,0,0,0,0,0,0
1,2,2,1320,6969,1970,2,253,568,25.7498837,-80.2016068,0,0,0,0,0,0
1,3,3,1662,6969,2008,2,415,940,25.7700913,-80.1946615,0,0,0,0,0,0
0,1,1.5,787,6969,1983,2,198,280,25.6671127,-80.3756118,0,0,0,0,0,0
1,4,2.5,1876,6969,2014,3,175,35,25.676648,-80.4666869,0,0,1,0,0,0
1,2,2.5,2139,6969,2003,4,888,1957,25.759088,-80.1918167,0,0,0,0,0,0
0,3,1,792,3600,1957,5,170,280,25.8363196,-80.227622,0,1,0,0,0,0
0,1,1,825,6969,2005,5,345,585,25.7619908,-80.1904187,0,0,0,0,0,0
1,6,4,4133,17769,1983,5,201,280,25.6518438,-80.3653865,0,1,0,0,0,0
0,2,2,1131,6969,1975,6,167,211,25.7729223,-80.3443905,0,0,0,0,0,0
1,4,3,2179,7500,1939,7,394,280,25.8409061,-80.1812075,0,1,0,0,0,0
0,2,2,1315,6969,1969,7,81,280,25.9509727,-80.1662964,0,0,0,0,0,0
1,5,4,3767,14324,2005,7,235,280,25.6971352,-80.3980912,0,1,0,0,0,0
0,3,1,1032,7452,1972,7,136,280,25.8527579,-80.2390995,0,1,0,0,0,0
1,4,3,2450,206474,1991,8,244,280,25.625366,-80.5367289,0,1,0,0,0,0
1,3,3.5,2293,6969,2001,8,783,1383,25.769324,-80.183769,0,0,0,0,0,0
0,3,2.5,1462,6969,1998,8,161,129,25.6020687,-80.4178956,0,0,1,0,0,0
0,1,1.5,846,6969,2008,9,343,600,25.7700913,-80.1946615,0,0,0,0,0,0
0,3,2,1393,3703,1996,9,208,149,25.6055152,-80.4235025,0,1,0,0,0,0
1,6,3,2313,4926,1975,11,194,280,25.6909387,-80.3808924,0,1,0,0,0,0
0,3,2,1470,6969,1978,12,156,515,25.705062,-80.37838,0,0,1,0,0,0
1,8,9.5,7454,38332,2012,13,670,280,25.682723,-80.28844,0,1,0,0,0,0
0,2,2,1229,6969,1982,13,216,280,25.8380103,-80.1804443,0,0,0,0,0,0
1,5,3.5,2757,7875,1991,13,167,280,25.627932,-80.4280231,0,1,0,0,0,0
1,2,2,1274,6969,2015,13,389,280,25.7644398,-80.1952502,0,0,0,0,0,0
1,4,3.5,2431,9180,1961,14,148,280,25.6225169,-80.3550114,0,1,0,0,0,0
1,1,1,820,6969,2006,14,415,443,25.7596392,-80.1902581,0,0,0,0,0,0
0,1,1.5,669,6969,1983,14,224,125,25.751496,-80.366863,0,0,1,0,0,0
0,1,1.5,878,6969,2008,16,302,628,25.761033,-80.194396,0,0,0,0,0,0
1,2,3,1137,6969,2017,19,879,898,25.8050525,-80.1855812,0,0,0,0,0,0
1,3,3.5,2597,7928,2002,19,168,280,25.6566244,-80.4113956,0,1,0,0,0,0
0,4,2,1580,10074,1961,20,158,280,25.5603514,-80.3653645,0,1,0,0,0,0
0,2,2,900,6969,2006,20,188,280,25.7897443,-80.2362272,0,0,0,0,0,0
1,2,2,1100,6969,1974,21,341,280,25.750841,-80.1998881,0,0,0,0,0,0
0,3,2.5,1499,1827,2000,22,195,59,25.6753476,-80.4590087,0,1,0,0,0,0
1,4,3,2852,15028,1960,22,261,280,25.645531,-80.311428,0,1,0,0,0,0
1,4,2,1476,5766,1962,23,352,280,25.7502704,-80.2999171,0,1,0,0,0,0
1,3,3,1380,6969,2016,23,659,280,25.7599083,-80.1982944,0,0,0,0,0,0
1,2,2,1255,6969,2008,25,474,820,25.7825067,-80.1901188,0,0,0,0,0,0
1,2,2.5,1594,6969,2006,25,423,1005,25.7596392,-80.1902581,0,0,0,0,0,0
1,1,1,738,6969,2008,27,461,627,25.7684475,-80.1913487,0,0,0,0,0,0
0,2,2,1197,6969,1975,27,146,461,25.9555638,-80.1888997,0,0,0,0,0,0
1,3,2.5,2300,6969,2005,27,326,335,25.734842,-80.242014,0,0,1,0,0,0
1,3,2,1252,6969,1953,28,315,280,25.8186573,-80.2261842,0,1,0,0,0,0
1,4,3,2759,33062,1958,28,542,280,25.6525143,-80.3024637,0,1,0,0,0,0
1,8,4,1438,6969,1926,28,330,280,25.8390803,-80.1853052,0,0,0,1,0,0
1,2,2,1087,6969,2008,28,322,616,25.7700913,-80.1946615,0,0,0,0,0,0
1,2,2,1600,6969,1978,30,344,280,25.7336129,-80.235634,0,0,1,0,0,0
1,2,2,1181,6969,2008,30,356,864,25.8078394,-80.192227,0,0,0,0,0,0
1,4,2.5,2193,5502,1998,30,176,280,25.6342054,-80.4321957,0,1,0,0,0,0
0,2,1,758,6969,1986,31,231,180,25.7752355,-80.3827357,0,0,0,0,0,0
1,4,4,3177,6000,2005,33,157,50,25.7075302,-80.459617,0,1,0,0,0,0
1,3,3,1488,6969,2002,33,534,880,25.768564,-80.186445,0,0,0,0,0,0
0,3,2.5,1312,6900,1952,35,221,280,25.877934,-80.165966,0,1,0,0,0,0
1,3,2,1403,6969,2012,35,299,280,25.7997351,-80.1865257,0,0,0,0,0,0
1,2,2,1110,6969,2018,35,463,280,25.7907062,-80.1923857,0,0,0,0,0,0
0,2,2,900,6969,1997,36,211,215,25.6243969,-80.41094,0,0,0,0,0,0
1,3,3,2130,6969,2004,36,878,280,25.7603319,-80.189341,0,0,0,0,0,0
0,2,2,1121,6969,1985,36,133,340,25.9727341,-80.1849215,0,0,0,0,0,0
1,4,3.5,4257,43560,2005,37,329,280,25.6801407,-80.372346,0,1,0,0,0,0
1,4,3.5,2184,5850,1936,37,196,280,25.7626152,-80.2343315,0,1,0,0,0,0
0,3,1,1308,3600,1955,40,157,280,25.8370889,-80.222566,0,1,0,0,0,0
1,6,6,7074,36900,2017,40,281,280,25.7073189,-80.3564426,0,1,0,0,0,0
0,3,2,1492,4323,1981,40,188,281,25.6787621,-80.4357162,0,1,0,0,0,0
1,2,2,1159,6969,2007,41,344,884,25.8042161,-80.1864832,0,0,0,0,0,0
1,5,3,3113,12000,1979,41,148,280,25.9649437,-80.1866783,0,1,0,0,0,0
1,4,3,1807,8657,1959,41,230,280,25.7649936,-80.3250752,0,1,0,0,0,0
1,2,2.5,1140,6969,2017,42,412,580,25.7641113,-80.1977438,0,0,0,0,0,0
1,4,2.5,2223,3980,2013,43,200,382,25.9523161,-80.1855794,0,1,0,0,0,0
0,1,2,882,6969,2004,44,248,506,25.7837571,-80.2086978,0,0,0,0,0,0
0,2,1,845,6969,1965,44,136,205,25.94711,-80.165852,0,0,0,0,0,0
0,1,1,806,6969,2008,44,310,573,25.7765341,-80.1888665,0,0,0,0,0,0
1,3,3.5,2629,6000,2003,45,163,280,25.6296997,-80.4507528,0,1,0,0,0,0
1,2,3,1494,6969,2017,48,736,280,25.7640137,-80.1912975,0,0,0,0,0,0
0,1,1,727,6969,2006,48,413,443,25.7678202,-80.1960753,0,0,0,0,0,0
1,1,1,791,6969,2007,49,424,486,25.792482,-80.187149,0,0,0,0,0,0
1,2,2,1169,6969,2005,49,418,603,25.7716366,-80.1858045,0,0,0,0,0,0
0,3,1,472,6969,2015,49,422,380,25.8156264,-80.1891629,0,0,0,0,0,0
1,3,2,1286,6135,1947,49,334,280,25.7434482,-80.2337215,0,1,0,0,0,0
1,2,1,1097,6450,1948,49,278,280,25.7690035,-80.2974357,0,1,0,0,0,0
0,1,1,630,6969,2006,50,413,280,25.7598741,-80.1906886,0,0,0,0,0,0
0,2,2,948,6969,1980,51,195,265,25.6877679,-80.445183,0,0,0,0,0,0
1,7,5,1973,6969,1925,51,342,280,25.7648285,-80.2150388,0,0,0,1,0,0
0,3,2.5,1704,6969,2003,51,176,170,25.7377285,-80.4412625,0,0,1,0,0,0
0,2,2,1405,6969,1982,51,100,499,25.959348,-80.192053,0,0,0,0,0,0
1,2,2,1012,6969,2014,51,445,1022,25.760372,-80.190197,0,0,0,0,0,0
0,1,1,611,6969,1973,55,180,200,25.7991696,-80.2392619,0,0,0,0,0,0
1,3,4,1863,6969,2017,55,631,1244,25.8050525,-80.1855812,0,0,0,0,0,0
1,1,1,750,6969,2001,55,440,642,25.7621838,-80.1889886,0,0,0,0,0,0
1,3,3,2215,7500,1949,55,361,280,25.7412283,-80.2300062,0,1,0,0,0,0
0,1,1,821,6969,2008,56,353,503,25.792482,-80.187149,0,0,0,0,0,0
1,2,2,1289,6969,2006,58,380,700,25.7689999,-80.191845,0,0,0,0,0,0
0,2,2.5,1346,6969,1972,58,171,340,25.686984,-80.415003,0,0,1,0,0,0
0,3,2,1184,1,1954,61,162,280,25.8935064,-80.2298876,0,1,0,0,0,0
1,2,2,1134,6969,2016,62,626,986,25.762775,-80.192463,0,0,0,0,0,0
1,2,3.5,2580,6969,1997,63,793,1989,25.7555391,-80.1950766,0,0,0,0,0,0
1,2,1,793,6969,1974,63,415,431,25.731588,-80.2381149,0,0,0,0,0,0
0,2,1,850,6969,1952,64,241,280,25.851108,-80.2305411,0,1,0,0,0,0
1,2,2.5,1647,6969,2009,64,424,1315,25.7851774,-80.1900783,0,0,0,0,0,0
0,1,1.5,865,6969,2008,64,289,450,25.7765341,-80.1888665,0,0,0,0,0,0
1,2,1,1285,6750,1941,68,331,280,25.7668586,-80.2357771,0,1,0,0,0,0
0,2,2,990,6969,1973,68,303,592,25.8097771,-80.1865475,0,0,0,0,0,0
0,1,1,539,6969,2000,68,342,238,25.7352724,-80.2383613,0,0,0,0,0,0
1,4,2,2237,15312,1970,69,215,280,25.6337588,-80.3439823,0,1,0,0,0,0
1,4,3,2713,5000,2004,75,158,280,25.6866461,-80.4588349,0,1,0,0,0,0
1,1,1,901,6969,2015,77,499,280,25.763224,-80.193432,0,0,0,0,0,0
0,2,1.5,891,6969,1980,78,222,205,25.776443,-80.339694,0,0,0,0,0,0
0,2,2,1262,6969,1980,82,214,63,25.7002011,-80.3652342,0,1,0,0,0,0
1,7,2,2096,7650,1959,84,186,280,25.7305521,-80.3521836,0,1,0,0,0,0
0,2,1,860,6969,1965,84,140,280,25.9471081,-80.1672831,0,0,0,0,0,0
0,2,2,900,6969,2006,84,206,259,25.7899426,-80.2367071,0,0,0,0,0,0
1,5,4,2564,14668,1926,85,702,280,25.852878,-80.175355,0,1,0,0,0,0
0,2,2,1060,6969,1978,85,189,351,25.6714415,-80.3749579,0,0,0,0,0,0
0,1,1,1149,6969,1972,85,126,379,25.7776617,-80.3452006,0,1,0,0,0,0
1,1,1.5,938,6969,2008,85,554,670,25.7834355,-80.190181,0,0,0,0,0,0
0,2,1,980,6969,2004,89,274,408,25.80122,-80.186789,0,0,0,0,0,0
1,4,2.5,2372,5880,2005,89,188,280,25.754081,-80.4441909,0,1,0,0,0,0
0,1,1,696,6969,2008,89,352,519,25.7940769,-80.1870706,0,0,0,0,0,0
1,5,5,3344,5500,2014,92,148,31,25.679242,-80.4684797,0,1,0,0,0,0
1,2,2,1006,6969,2008,93,337,815,25.77699,-80.188798,0,0,0,0,0,0
1,2,2,1404,6969,2017,93,556,950,25.764055,-80.1923013,0,0,0,0,0,0
1,2,2.5,1505,6969,2005,93,631,960,25.7690507,-80.187027,0,0,0,0,0,0
1,5,3.5,3000,7000,2018,94,242,280,25.7686931,-80.2479962,0,1,0,0,0,0
1,3,3,2292,4320,1987,96,174,280,25.7636777,-80.3438193,0,1,0,0,0,0
1,4,2,1829,6969,1940,96,185,280,25.796792,-80.22526,0,0,0,1,0,0
1,2,2,1061,6969,2007,96,424,755,25.755381,-80.2075334,0,0,0,0,0,0
0,3,3,1440,6969,2002,97,198,240,25.6339214,-80.4134844,0,0,1,0,0,0
0,4,2,2127,23750,1942,97,118,280,25.5623943,-80.3807184,0,1,0,0,0,0
0,1,1.5,740,6969,1967,97,135,275,25.9155732,-80.1863887,0,0,0,0,0,0
1,4,2,1707,7500,1977,98,275,280,25.658762,-80.380327,0,1,0,0,0,0
1,1,1.5,896,6969,2017,99,948,846,25.7581064,-80.1924028,0,0,0,0,0,0
1,4,3,2182,5000,1985,100,140,280,25.5869946,-80.3856762,0,1,0,0,0,0
1,2,1,1004,6013,1939,103,314,280,25.8505184,-80.1921052,0,1,0,0,0,0
0,2,1.5,868,6969,1998,105,200,280,25.778974,-80.325325,0,0,0,0,0,0
1,3,2,1679,7100,1952,107,223,280,25.7582801,-80.2313074,0,1,0,0,0,0
1,2,2.5,1262,6969,2017,107,871,102,25.7581064,-80.1924028,0,0,0,0,0,0
0,1,1,688,6969,1964,109,94,302,25.9297265,-80.1736926,0,0,0,0,0,0
1,4,2,1748,6969,1945,111,280,280,25.8779674,-80.1925017,0,0,0,1,0,0
1,3,2,1368,15017,1956,113,416,280,25.6488404,-80.3273817,0,1,0,0,0,0
1,2,2,1116,6969,2004,114,322,631,25.7620552,-80.1935173,0,0,0,0,0,0
1,2,3,1428,7140,1957,114,389,280,25.8452625,-80.1800304,0,1,0,0,0,0
1,5,6,4600,17969,2017,118,261,280,25.744643,-80.3723471,0,1,0,0,0,0
1,2,2,1460,6969,1974,119,394,980,25.750841,-80.1998881,0,0,0,0,0,0
1,2,3,1041,6969,2007,120,316,700,25.7758982,-80.1900667,0,0,0,0,0,0
1,2,2,1139,6969,2014,120,716,1007,25.760372,-80.190197,0,0,0,0,0,0
0,2,2,1132,6969,1966,121,132,334,25.945476,-80.1715399,0,0,0,0,0,0
0,1,1,540,6969,2008,121,444,487,25.7712819,-80.1876583,0,0,0,0,0,0
0,1,1.5,782,6969,1969,121,326,500,25.7491305,-80.2018126,0,0,0,0,0,0
1,3,2.5,2011,5632,1984,124,259,280,25.6789185,-80.3966019,0,1,0,0,0,0
1,2,2.5,1229,6969,2017,125,689,779,25.8050654,-80.1862369,0,0,0,0,0,0
1,3,3.5,3050,8525,1950,125,410,280,25.856857,-80.174875,0,1,0,0,0,0
1,2,2,1030,6969,2008,125,374,720,25.7704554,-80.1942628,0,0,0,0,0,0
1,5,4,2312,6969,2015,125,172,45,25.6778507,-80.4717155,0,0,1,0,0,0
1,3,3,2061,6000,1936,126,305,280,25.84158,-80.180634,0,1,0,0,0,0
1,4,4.5,2543,6969,2017,126,904,1565,25.7655385,-80.1938276,0,0,0,0,0,0
0,3,1,588,6969,1937,128,372,280,25.7882508,-80.2250513,0,1,0,0,0,0
1,5,4.5,3340,11342,1952,131,509,280,25.7443741,-80.2203019,0,1,0,0,0,0
1,3,2,1775,7500,1953,132,214,280,25.7392409,-80.3019631,0,1,0,0,0,0
1,4,3.5,2650,8418,1976,133,179,280,25.7548363,-80.3998305,0,1,0,0,0,0
0,1,1.5,651,6969,2007,134,295,430,25.7758982,-80.1900667,0,0,0,0,0,0
1,3,3,2204,6969,1945,135,154,280,25.7714275,-80.2859746,0,0,0,1,0,0
0,3,2,1012,7500,1957,141,246,280,25.9716418,-80.1819922,0,1,0,0,0,0
1,4,2.5,2037,3705,1980,142,167,75,25.756796,-80.410922,0,1,0,0,0,0
1,3,3.5,1443,6969,2017,142,676,280,25.7656899,-80.1939008,0,0,0,0,0,0
1,3,3,1537,6969,1939,142,357,280,25.7519967,-80.2274913,0,1,0,0,0,0
1,1,1,1176,6969,2008,142,259,744,25.7765341,-80.1888665,0,0,0,0,0,0
1,2,2,1203,6969,2008,146,665,911,25.77699,-80.188798,0,0,0,0,0,0
1,7,8.5,6858,40249,1998,148,408,280,25.6849964,-80.3008095,0,1,0,0,0,0
0,1,1.5,930,6969,1975,148,296,522,25.750841,-80.1998881,0,0,0,0,0,0
1,2,2,1105,6969,2005,148,412,636,25.7619908,-80.1904187,0,0,0,0,0,0
1,6,4,2670,6969,1955,148,224,280,25.8084294,-80.237991,0,0,0,1,0,0
1,2,2.5,1440,6969,1981,152,590,830,25.7905292,-80.1789879,0,0,0,0,0,0
0,3,2,1095,8062,1936,154,160,280,25.8746856,-80.2139835,0,1,0,0,0,0
1,1,1,783,6969,2016,155,562,605,25.762775,-80.192463,0,0,0,0,0,0
0,2,2,985,6969,2007,156,277,357,25.756245,-80.238777,0,0,0,0,0,0
1,6,2,2377,6969,1973,157,229,280,25.747717,-80.220534,0,0,0,1,0,0
1,4,4,4198,6969,2008,159,1167,2592,25.7825067,-80.1901188,0,0,0,0,0,0
1,7,8.5,9912,46609,2014,159,499,280,25.6770871,-80.3167407,0,1,0,0,0,0
1,2,2,1430,6969,1983,160,769,1504,25.7899502,-80.1743516,0,0,0,0,0,0
1,5,3,2627,6037,1984,166,169,280,25.7624935,-80.3426543,0,1,0,0,0,0
1,2,2.5,1276,6969,2017,170,650,280,25.7655385,-80.1938276,0,0,0,0,0,0
1,3,2,1895,7875,1976,175,221,280,25.758636,-80.3409148,0,1,0,0,0,0
1,2,2,931,6969,2015,183,478,561,25.763224,-80.193432,0,0,0,0,0,0
1,3,4.5,3730,6969,2003,191,999,3905,25.759088,-80.1918167,0,0,0,0,0,0
1,3,3.5,2394,6969,2007,205,459,1063,25.7821792,-80.2123712,0,0,0,0,0,0
0,2,2,1140,6969,1968,207,122,563,25.9458736,-80.1748132,0,0,0,0,0,0
1,2,2,1390,6969,1986,210,385,280,25.791316,-80.1861552,0,0,0,0,0,0
1,4,2,2381,11700,1977,211,174,79,25.6686856,-80.4092739,0,1,0,0,0,0
1,4,5.5,8042,6969,2009,212,1728,6475,25.7849923,-80.1903593,0,0,0,0,0,0
1,4,1,1281,6250,1925,218,371,280,25.8347385,-80.1867001,0,1,0,0,0,0
1,2,2,980,6969,2017,219,611,280,25.7656899,-80.1939008,0,0,0,0,0,0
1,4,2,1404,7800,1954,225,260,280,25.718756,-80.3427423,0,1,0,0,0,0
1,4,3,2167,6969,2017,230,683,280,25.764055,-80.1923013,0,0,0,0,0,0
0,2,2,1353,6969,1972,231,163,902,25.8796349,-80.1643874,0,0,0,0,0,0
1,6,5,3956,16860,1966,236,253,280,25.6707051,-80.309929,0,1,0,0,0,0
1,2,2,1181,6969,2008,238,372,829,25.8078394,-80.192227,0,0,0,0,0,0
0,1,1,692,6969,2008,240,389,458,25.8000517,-80.1886459,0,0,0,0,0,0
1,1,1,806,6969,2008,245,378,280,25.77699,-80.188798,0,0,0,0,0,0
1,3,3,1544,6969,2010,247,440,1086,25.769549,-80.195165,0,0,0,0,0,0
1,1,1,876,6969,2009,250,502,733,25.7686625,-80.188727,0,0,0,0,0,0
1,5,4.5,5078,27225,1993,252,217,280,25.7412475,-80.4186121,0,1,0,0,0,0
0,2,2,800,6969,1974,253,138,225,25.582241,-80.37606,0,0,0,0,0,0
1,3,2.5,1655,6969,1997,254,526,1215,25.7679508,-80.186447,0,0,0,0,0,0
1,2,2,1263,6969,2008,260,499,280,25.8078394,-80.192227,0,0,0,0,0,0
1,4,3,2713,5000,2004,266,155,280,25.6864649,-80.458274,0,1,0,0,0,0
1,2,2.5,1203,6969,2017,268,648,788,25.8050525,-80.1855812,0,0,0,0,0,0
0,3,1,716,6969,1985,271,306,149,25.727219,-80.2448284,0,0,0,0,0,0
1,2,2,1386,6969,2009,273,476,1590,25.7686625,-80.188727,0,0,0,0,0,0
1,2,2.5,1255,6969,2008,273,518,280,25.7825067,-80.1901188,0,0,0,0,0,0
1,1,2,1373,6969,2008,274,283,1004,25.8078394,-80.192227,0,0,0,0,0,0
1,2,2,1200,6969,2008,286,350,280,25.7684475,-80.1913487,0,0,0,0,0,0
1,3,4,1898,6969,2017,286,738,1244,25.8050525,-80.1855812,0,0,0,0,0,0
0,3,1,1290,6148,1938,294,87,280,25.8331706,-80.2127832,0,1,0,0,0,0
1,2,2,931,6969,2015,295,628,592,25.763224,-80.193432,0,0,0,0,0,0
1,4,3,3794,39640,1989,301,244,280,25.5572273,-80.4898011,0,1,0,0,0,0
1,2,2.5,1878,6969,2004,301,932,1541,25.7603319,-80.189341,0,0,0,0,0,0
1,1,1,977,7500,1980,306,383,280,25.7387666,-80.2981213,0,1,0,0,0,0
1,2,2,1169,6969,2005,306,385,626,25.7717266,-80.1854236,0,0,0,0,0,0
1,2,3,1700,6969,1990,307,382,498,25.727731,-80.24122,0,0,0,0,0,0
0,3,1,481,6969,2007,307,518,280,25.774802,-80.1881439,0,0,0,0,0,0
1,2,2,1163,6969,2008,309,365,280,25.8129241,-80.1921488,0,0,0,0,0,0
1,4,3,2610,4376,1994,311,161,350,25.9703507,-80.1971068,0,1,0,0,0,0
1,1,1.5,777,6969,2014,316,448,750,25.760372,-80.190197,0,0,0,0,0,0
1,4,3,1971,5219,1987,316,242,280,25.7028929,-80.3619935,0,1,0,0,0,0
1,4,2,2800,81021,1980,327,175,280,25.5787045,-80.4840756,0,1,0,0,0,0
1,3,3.5,1595,6969,2017,341,596,1179,25.8087134,-80.1920969,0,0,0,0,0,0
1,2,2.5,1457,6969,2020,348,540,355,25.8013513,-80.1961915,0,0,0,0,0,0
0,1,1,660,6969,1965,349,114,189,25.949987,-80.195158,0,0,0,0,0,0
1,2,2,1099,6969,2008,357,445,700,25.762752,-80.194669,0,0,0,0,0,0
1,2,2,1256,6969,2004,368,572,916,25.760602,-80.1912562,0,0,0,0,0,0
1,1,1,791,6969,2004,371,499,520,25.75223,-80.1987521,0,0,0,0,0,0
1,2,2.5,1168,6969,2008,382,338,971,25.7940769,-80.1870706,0,0,0,0,0,0
1,3,3,1710,6969,2017,383,614,1450,25.762775,-80.192463,0,0,0,0,0,0
1,1,1.5,983,6969,2003,385,507,1100,25.7588505,-80.1922125,0,0,0,0,0,0
1,2,2,986,6969,2008,406,436,589,25.765005,-80.190166,0,0,0,0,0,0
1,3,3,2580,12600,1968,435,386,280,25.9562428,-80.1526053,0,1,0,0,0,0
1,3,3.5,2627,6969,2008,455,912,280,25.7692643,-80.1858499,0,0,0,0,0,0
1,3,2.5,2044,6969,2008,455,773,1100,25.769079,-80.188602,0,0,0,0,0,0
1,2,2,1303,6969,2002,457,406,280,25.768564,-80.186445,0,0,0,0,0,0
1,3,3.5,2510,6969,1999,462,717,1336,25.7686886,-80.1831816,0,0,0,0,0,0
1,1,1,774,6969,2008,481,469,463,25.765005,-80.190166,0,0,0,0,0,0
0,2,2,1220,6969,1981,492,130,500,25.9540338,-80.1825979,0,0,0,0,0,0
0,3,1,540,6969,2015,523,498,320,25.763224,-80.193432,0,0,0,0,0,0
1,5,4.5,3586,8616,2002,541,467,775,25.9543003,-80.1717036,0,1,0,0,0,0
0,2,3,1950,6969,1975,568,133,1330,25.8809865,-80.1623188,0,0,0,0,0,0
1,2,2,1280,6969,2007,631,351,850,25.809496,-80.1920435,0,0,0,0,0,0
1,5,6.5,6300,6969,1997,634,1825,4709,25.7555391,-80.1950766,0,0,0,0,0,0
1,2,2,1496,6969,1986,644,351,952,25.791316,-80.1861552,0,0,0,0,0,0
0,3,1,550,6969,1980,659,273,650,25.7901069,-80.1857426,0,0,0,0,0,0
0,3,1,503,6969,2008,679,463,309,25.792482,-80.187149,0,0,0,0,0,0
0,3,2,1248,6969,2003,686,240,598,25.7800842,-80.2768697,0,0,0,0,0,0
1,2,2,1128,6969,2010,817,610,982,25.7965383,-80.1882911,0,0,0,0,0,0
1,1,1.5,1087,6969,2001,866,497,450,25.7692964,-80.1837068,0,0,0,0,0,0
1,5,4.5,4119,6969,1989,54.5,123,280,25.6033365,-80.4368988,0,1,0,0,0,0
0,2,2,1133,8756,1994,1,102,280,28.517233,-81.487336,0,0,0,0,0,0
0,3,2.5,1659,3120,2006,1,136,237,28.477709,-81.252317,0,0,1,0,0,0
0,2,2,583,583,1985,1,232,506,28.4566203,-81.4680636,0,0,0,0,0,1
0,3,2,1311,6839,1977,1,152,15,28.402019,-81.4096754,0,1,0,0,0,0
0,2,2,1056,7570,1984,1,159,17,28.564035,-81.281313,0,1,0,0,0,0
0,4,2,1283,10126,1953,4,124,280,28.561312,-81.453476,0,1,0,0,0,0
0,3,1,1361,10003,1948,4,125,280,28.5545985,-81.4975945,0,1,0,0,0,0
0,3,2,1152,44281,2000,5,65,280,28.5644374,-81.0967853,1,0,0,0,0,0
1,4,2.5,3154,6927,2005,5,97,123,28.353945,-81.345807,0,1,0,0,0,0
0,3,1.5,1040,8800,1971,5,120,280,28.574195,-81.438098,0,1,0,0,0,0
1,4,3,2796,10255,1925,5,250,280,28.549735,-81.3691786,0,1,0,0,0,0
0,3,2.5,2345,20395,2005,5,126,25,28.5055608,-81.4666478,0,0,0,0,0,0
1,5,8,7021,53506,2008,8,327,51,28.4649359,-81.5147674,0,1,0,0,0,0
0,3,2.5,1515,5000,1986,8,175,35,28.5142862,-81.3382118,0,1,0,0,0,0
1,4,3.5,2965,5970,2004,12,182,59,28.5681769,-81.3356226,0,1,0,0,0,0
0,4,2.5,1695,5383,2001,12,171,43,28.3675075,-81.3430891,0,1,0,0,0,0
0,3,2,1460,6969,1987,14,168,420,28.508188,-81.3628559,0,0,0,0,0,0
1,3,4,2340,1067,2006,16,205,57,28.56826,-81.328163,0,0,1,0,0,0
1,5,3,2256,6219,1955,20,186,280,28.5313061,-81.3627122,0,0,0,1,0,0
0,5,2,1509,6828,1957,22,99,280,28.5013804,-81.4008306,0,1,0,0,0,0
1,3,2,2277,6146,1920,22,233,280,28.5547448,-81.3696941,0,1,0,0,0,0
1,4,4,3639,8446,2004,25,110,55,28.4635303,-81.2667459,0,1,0,0,0,0
1,3,3,1876,10843,1947,27,200,280,28.5177729,-81.3739036,0,1,0,0,0,0
1,4,4.5,4427,14778,1977,27,164,45,28.5589186,-81.411865,0,1,0,0,0,0
1,3,2,1746,8804,1943,28,229,280,28.5398888,-81.3552596,0,1,0,0,0,0
1,2,1,1440,7698,1935,28,257,280,28.5514957,-81.3669878,0,1,0,0,0,0
1,4,3,3013,19741,1925,28,259,280,28.5906655,-81.3853284,0,1,0,0,0,0
0,3,2,1512,87256,2007,29,158,280,28.5793009,-81.1034667,0,1,0,0,0,0
1,3,3.5,2162,1540,2018,30,177,281,28.371292,-81.260694,0,0,1,0,0,0
0,3,2.5,1485,71604,1991,35,104,45,28.512377,-81.304716,0,0,0,0,0,0
1,2,2,1832,9385,1951,36,251,280,28.5803262,-81.3678899,0,1,0,0,0,0
0,4,2,1448,4110,1995,38,131,16,28.6135976,-81.4501935,0,1,0,0,0,0
0,2,2,975,83466,1963,39,234,280,28.5441283,-81.3765806,0,0,0,0,0,0
1,5,4.5,6252,26159,1982,39,414,50,28.4543181,-81.5159777,0,1,0,0,0,0
1,8,4,4850,74160,1983,39,175,4,28.4882991,-81.4714526,0,1,0,0,0,0
0,3,2.5,1788,2907,2007,42,131,86,28.519458,-81.154938,0,0,1,0,0,0
0,1,1,885,4997,2000,47,104,280,28.508601,-81.471444,0,0,0,0,0,0
0,4,3.5,1902,2335,2018,47,145,204,28.599179,-81.274355,0,0,1,0,0,0
1,5,3,2806,7892,2000,48,113,20,28.3625564,-81.3947976,0,1,0,0,0,0
0,1,1,621,8897,2002,56,185,280,28.3477765,-81.5156069,0,0,0,0,0,0
0,2,2,583,583,1985,57,183,534,28.4566203,-81.4680636,0,0,0,0,0,1
0,1,1,671,671,2008,65,259,575,28.456616,-81.462615,0,0,0,0,0,1
1,2,2.5,1936,2712,2003,74,201,325,28.558574,-81.332022,0,0,1,0,0,0
1,4,5,3998,6526,2003,75,180,208,28.4450043,-81.492577,0,1,0,0,0,0
0,1,1,550,550,1990,79,127,351,28.3997393,-81.4658756,0,0,0,0,0,1
1,4,3.5,3642,8750,2018,82,160,130,28.42809,-81.22496,0,1,0,0,0,0
1,4,3,2582,7565,2004,83,131,76,28.5239808,-81.2124223,0,1,0,0,0,0
0,2,2,868,2117,1984,84,101,48,28.581562,-81.444495,0,0,1,0,0,0
1,3,2,1800,6499,2017,90,194,280,28.521381,-81.351351,0,1,0,0,0,0
0,2,1,962,1000,1972,90,69,210,28.574498,-81.4557993,0,0,0,0,0,0
1,4,2.5,2571,13169,1925,90,282,280,28.5851552,-81.3733882,0,1,0,0,0,0
0,4,2.5,1774,12360,1981,91,152,280,28.5871404,-81.2717353,0,1,0,0,0,0
0,3,2,1076,4091,1966,98,129,280,28.556561,-81.3474613,0,0,0,0,0,0
1,10,6,4548,11221,1971,106,297,280,28.5650755,-81.3635512,0,0,0,0,1,0
1,3,2.5,2575,32883,2005,106,306,1046,28.5410606,-81.3704458,0,0,0,0,0,0
1,3,2.5,2926,10627,2017,112,147,4,28.517574,-81.073369,0,0,0,1,0,0
1,4,2.5,2648,7200,2011,113,155,68,28.437671,-81.5564933,0,1,0,0,0,0
1,4,4.5,5282,45910,2017,121,291,166,28.398458,-81.230876,0,1,0,0,0,0
1,3,2.5,2287,5247,2014,121,164,101,28.4919365,-81.4476189,0,1,0,0,0,0
1,4,2,2236,6640,2015,123,180,48,28.3886115,-81.3425412,0,1,0,0,0,0
0,3,2,1331,8855,1960,130,118,280,28.5664918,-81.4686856,0,1,0,0,0,0
1,4,4,4238,17348,2005,131,156,175,28.3989837,-81.2068264,0,1,0,0,0,0
0,4,3,1997,12936,1991,137,128,280,28.3702552,-81.3586966,0,1,0,0,0,0
1,4,2.5,2419,4265,2013,147,145,93,28.4875055,-81.4469291,0,1,0,0,0,0
1,4,3,2497,12409,1992,159,164,33,28.4808338,-81.4935205,0,1,0,0,0,0
0,3,1,1230,11469,1954,162,102,280,28.5231719,-81.4211806,0,1,0,0,0,0
0,3,2,1350,6729,2017,163,117,280,28.534512,-81.445584,0,1,0,0,0,0
0,3,3,1459,1307,2007,167,120,574,28.3489605,-81.5043055,0,0,0,0,0,0
1,4,3.5,3186,13480,1987,195,196,280,28.5078814,-81.3827515,0,1,0,0,0,0
1,5,4.5,3030,5500,2004,209,112,95,28.5313176,-81.156596,0,1,0,0,0,0
0,3,1,1116,8620,1960,213,157,280,28.5198028,-81.2903136,0,1,0,0,0,0
1,5,6.5,5962,21129,2008,421,502,498,28.410443,-81.2581212,0,1,0,0,0,0
1,4,3,3150,17595,1972,546,101,50,28.451803,-81.5118519,0,1,0,0,0,0
0,3,2,1200,1200,2006,642,204,631,28.389813,-81.481758,0,0,0,0,0,1
1,4,3.5,2515,6969,2018,22,126,280,28.4277,-81.2186,0,1,0,0,0,0
1,3,2.5,2183,6969,2018,47,191,280,28.3706533,-81.2493874,0,1,0,0,0,0
1,3,3,2308,6969,2017,85,199,280,28.372196,-81.249998,0,1,0,0,0,0
1,4,3.5,2395,6969,2017,186,170,280,28.371237,-81.259997,0,0,0,1,0,0
1,4,3,2261,6969,2017,221,144,280,28.3850494,-81.3461267,0,1,0,0,0,0
0,2,2,1360,6969,1989,54.5,179,280,28.3647442,-81.2383225,0,0,1,0,0,0
1,4,3.5,3509,6969,1989,54.5,172,280,28.40854,-81.504307,0,1,0,0,0,0
0,4,2.5,2029,6969,1989,54.5,132,280,28.36614,-81.36232,0,1,0,0,0,0
0,3,2.5,1961,6969,1989,54.5,121,280,28.36614,-81.36232,0,1,0,0,0,0
1,5,4.5,3773,6969,1989,54.5,111,280,28.419708,-81.1903207,0,1,0,0,0,0
1,3,2.5,2198,6969,1989,54.5,139,280,28.4277156,-81.2185894,0,1,0,0,0,0
1,3,2.5,2468,6969,1989,54.5,172,280,28.3699612,-81.2324135,0,1,0,0,0,0
1,4,3,2489,6969,1989,54.5,150,280,28.4331015,-81.5598918,0,1,0,0,0,0
1,2,2,2188,6969,1989,54.5,156,280,28.370506,-81.259741,0,0,1,0,0,0
1,4,3.5,3666,6969,1989,54.5,133,280,28.60777,-81.22409,0,1,0,0,0,0
1,4,2.5,3811,6969,1989,54.5,108,280,28.594762,-81.116404,0,1,0,0,0,0
0,4,2,2333,6969,1989,54.5,124,280,28.354216,-81.323601,0,1,0,0,0,0
1,3,2.5,2199,6969,1989,54.5,225,280,28.4099968,-81.5338032,0,1,0,0,0,0
1,4,3.5,3029,6969,1989,54.5,123,280,28.4042869,-81.2461775,0,1,0,0,0,0
1,3,2.5,2000,6969,1989,54.5,152,280,28.356211,-81.325802,0,1,0,0,0,0
0,4,2,1828,6969,1989,54.5,150,280,28.351485,-81.324031,0,1,0,0,0,0
1,4,3,2108,6969,1989,54.5,145,280,28.36954,-81.3301939,0,1,0,0,0,0
1,5,4,2622,6969,2018,1,133,78,35.8400516,-78.5537551,0,1,0,0,0,0
1,3,4,3780,3484,2003,1,127,426,35.9071119,-78.7917358,0,0,1,0,0,0
1,4,3,3644,6098,2007,1,84,50,35.8652969,-78.51961,0,1,0,0,0,0
1,4,5,3437,10890,2005,1,147,65,35.9263166,-78.5599411,0,1,0,0,0,0
1,3,2,2417,6969,1925,5,290,280,35.7721535,-78.6509763,0,1,0,0,0,0
1,5,5,4145,10454,2005,5,145,69,35.9258735,-78.5599189,0,1,0,0,0,0
1,4,3,3175,14374,2007,6,142,42,35.6752459,-78.6668655,0,1,0,0,0,0
0,5,4,2577,6534,2007,12,85,13,35.725992,-78.5397982,0,1,0,0,0,0
0,3,2,2014,36590,2006,12,91,280,35.6065371,-78.6483178,0,1,0,0,0,0
1,5,8,8698,140698,2005,17,213,223,35.9466323,-78.6973725,0,1,0,0,0,0
0,4,3,2509,6969,2005,20,104,35,35.802601,-78.5461432,0,1,0,0,0,0
0,3,2,1389,7840,1997,26,180,280,35.8698108,-78.7278921,0,1,0,0,0,0
1,2,2,1510,6969,2005,27,281,412,35.7759185,-78.6385616,0,0,0,0,0,0
1,4,4,4240,58370,2007,27,177,95,35.9812376,-78.6813117,0,1,0,0,0,0
0,3,3,2335,6098,2008,28,94,33,35.720191,-78.5403307,0,1,0,0,0,0
1,5,5,6044,21780,2005,33,296,280,35.8092268,-78.6607278,0,1,0,0,0,0
1,3,3,4032,64033,2000,41,115,280,35.8881968,-78.5087746,0,1,0,0,0,0
1,2,4,2281,1742,2014,42,208,237,35.831613,-78.640804,0,0,1,0,0,0
1,5,4,3000,9147,2018,50,105,150,35.8653035,-78.5179182,0,1,0,0,0,0
1,4,3,2416,10890,2018,52,207,21,35.8679446,-78.7292143,0,1,0,0,0,0
1,2,4,2364,1742,2014,56,201,237,35.8303984,-78.6410041,0,0,1,0,0,0
0,3,2,1584,57063,1996,58,133,280,35.6034756,-78.6258873,0,1,0,0,0,0
1,3,3,1740,5662,2018,59,252,280,35.7768894,-78.619758,0,1,0,0,0,0
1,4,3,2638,30056,2018,111,182,40,35.7151500790869,-78.6856189568824,0,1,0,0,0,0
0,2,1,1024,135036,1956,118,254,280,35.708946,-78.712687,0,1,0,0,0,0
1,5,7,5115,42688,2017,147,320,100,35.9179038243927,-78.625989547331,0,1,0,0,0,0
1,3,4,3846,53143,2007,232,120,17,35.7340047,-78.4661586,0,1,0,0,0,0
1,4,4,2972,10759,2017,250,113,40,35.779602,-78.5336739,0,1,0,0,0,0
1,2,3,1478,6969,2017,253,250,340,35.7685137,-78.6818821,0,0,0,0,0,0
1,3,3,1609,9583,1950,267,309,280,35.7987746,-78.6543457,0,1,0,0,0,0
1,5,6,7161,75358,2002,286,154,133,35.9237785,-78.6167387,0,1,0,0,0,0
1,4,4,3802,39988,2016,349,184,280,35.918215,-78.685799,0,1,0,0,0,0
1,3,3,2420,14374,1950,353,252,280,35.8100662,-78.6757507,0,1,0,0,0,0
1,4,3.5,2806,6969,2017,379,160,280,35.860219,-78.5394533,0,1,0,0,0,0
1,4,3.5,3694,6969,1989,54.5,154,280,35.7469,-78.7257,0,1,0,0,0,0
1,4,3.5,3725,6969,1989,54.5,199,280,35.883642,-78.679978,0,1,0,0,0,0
0,3,2.5,1836,6969,1989,54.5,148,280,35.915635,-78.812061,0,0,1,0,0,0
1,4,3.5,3667,6969,1989,54.5,121,280,35.64258,-78.697904,0,1,0,0,0,0
1,4,3.5,3208,6969,1989,54.5,190,280,35.9572,-78.6785,0,1,0,0,0,0
1,5,3.5,3112,6969,1989,54.5,180,280,35.883487,-78.6896181,0,1,0,0,0,0
1,4,5,4006,11325,2016,3,198,50,35.7966086,-78.9053625,0,1,0,0,0,0
1,4,3,3000,3920,2013,13,147,88,35.8328253,-78.9120054,0,1,0,0,0,0
1,6,5,5308,9278,2006,19,154,83,35.7965535,-78.8111641,0,1,0,0,0,0
1,5,5,5100,29185,1999,26,141,58,35.7147468,-78.7996581,0,1,0,0,0,0
1,4,3,2642,5575,2018,49,151,65,35.8559891743025,-78.8969884695198,0,1,0,0,0,0
1,4,5,3930,10890,1999,55,184,31,35.803764,-78.8248449,0,1,0,0,0,0
1,2,3,2058,5662,2017,121,206,148,35.819057,-78.876021,0,0,1,0,0,0
1,5,6,4617,16988,2017,125,259,154,35.8063735961914,-78.7805328369141,0,1,0,0,0,0
1,3,3,2536,9539,2017,144,192,78,35.7144243,-78.7857813,0,1,0,0,0,0
1,4,3,3244,6969,2006,151,143,220,35.7030966,-78.7900097,0,1,0,0,0,0
0,3,3,1878,13068,1984,160,160,280,35.7778965,-78.8178016,0,1,0,0,0,0
1,4,4,4700,4791,1985,177,174,300,35.742436,-78.797375,0,0,1,0,0,0
1,5,5,3552,5052,2017,240,151,130,35.7538809231373,-78.752769520591,0,1,0,0,0,0
1,4,3,2661,6534,2017,242,165,102,35.7746390273212,-78.8740087265239,0,1,0,0,0,0
1,5,3,2695,2178,2017,270,130,145,35.747697,-78.731033,0,0,1,0,0,0
1,5,4,3517,9147,2017,417,171,77,35.7685807983808,-78.8912846102031,0,1,0,0,0,0
1,3,3,1851,6969,2018,43,184,280,35.822563,-78.913038,0,0,1,0,0,0
1,4,3.5,2761,6969,2017,117,167,280,35.7467,-78.7793,0,1,0,0,0,0
1,5,4,3635,6969,2017,159,154,280,35.787565,-78.898938,0,1,0,0,0,0
1,3,2.5,3695,6969,1989,54.5,128,280,35.754221,-78.753219,0,1,0,0,0,0
1,4,2.5,2744,6969,1989,54.5,154,280,35.8078266,-78.8783661,0,1,0,0,0,0
1,5,4,3590,6969,1989,54.5,166,280,35.6616634,-78.761379,0,1,0,0,0,0
1,4,3,2884,6969,1989,54.5,180,280,35.686382,-78.756043,0,1,0,0,0,0
1,3,3,2711,6969,1989,54.5,198,280,35.8454982,-78.910967,0,1,0,0,0,0
1,5,3.5,3320,6969,1989,54.5,151,280,35.8068,-78.8835,0,1,0,0,0,0
1,4,3.5,4020,6969,1989,54.5,184,280,35.7166,-78.8001,0,1,0,0,0,0
1,5,6,4301,6969,1989,54.5,140,280,35.759851,-78.836775,0,1,0,0,0,0
1,4,2.5,3002,6969,1989,54.5,135,280,35.8203954,-78.9252107,0,1,0,0,0,0
1,3,2.5,2004,6969,1989,54.5,161,280,35.803114,-78.804877,0,1,0,0,0,0
1,4,2.5,3112,6969,1989,54.5,158,280,35.7686712,-78.8902647,0,1,0,0,0,0
1,4,3.5,3009,6969,1989,54.5,166,280,35.7851315,-78.9026996,0,1,0,0,0,0
1,4,3,3113,6969,1989,54.5,158,280,35.7851314,-78.9027252,0,1,0,0,0,0
1,4,3,2651,32016,1965,6,198,280,35.9786181,-78.943519,0,1,0,0,0,0
0,2,1,1318,20908,1983,6,153,280,35.9194745,-78.8954268,0,1,0,0,0,0
1,3,3,2777,50747,1974,24,119,280,36.0904174,-78.8875688,0,1,0,0,0,0
1,3,4,2039,2613,2018,26,152,160,35.924151,-78.7801,0,0,1,0,0,0
0,4,3,2174,4443,2012,27,131,30,35.868466,-78.853693,0,1,0,0,0,0
0,3,3,1917,6969,1998,34,130,52,35.9758405,-78.8158104,0,1,0,0,0,0
1,4,3,2395,21823,2018,40,150,67,36.091935,-78.909712,0,1,0,0,0,0
1,3,3,2238,5227,2018,40,148,110,35.9135117,-78.9381596,0,0,1,0,0,0
1,3,3,2977,32234,2018,113,172,48,36.0504,-78.9561,0,1,0,0,0,0
1,4,3,4769,15638,1962,128,88,280,35.9876144,-78.9318517,0,1,0,0,0,0
1,5,3,3731,26571,1987,153,131,280,35.950921,-78.9395638,0,1,0,0,0,0
1,3,4,2322,13285,2017,168,280,280,35.989682,-78.932105,0,1,0,0,0,0
1,4,4,5252,75358,1997,237,162,36,36.0405785,-78.9514731,0,1,0,0,0,0
1,5,3.5,2746,6969,2018,7,133,280,35.93951,-78.857181,0,1,0,0,0,0
1,4,3,2310,6969,2018,36,140,280,35.890683,-78.958397,0,0,1,0,0,0
1,3,2,1624,6969,2017,90,216,280,35.911945,-78.959395,0,1,0,0,0,0
1,3,3.5,2570,6969,2017,235,177,280,35.911945,-78.959395,0,1,0,0,0,0
1,2,2.5,2043,6969,1989,54.5,177,280,35.911945,-78.959395,0,1,0,0,0,0
1,2,2,1951,6969,1989,54.5,183,280,35.911945,-78.959395,0,1,0,0,0,0
1,3,3,2941,6534,2000,1,178,34,35.8887431,-79.0710154,0,1,0,0,0,0
1,4,5,3772,11935,2000,2,183,244,35.83585,-79.0338,0,1,0,0,0,0
1,5,7,5170,11325,1996,6,121,323,35.8464943,-79.0418612,0,1,0,0,0,0
1,4,5,4864,87120,2017,10,154,280,35.909049,-79.181184,0,1,0,0,0,0
0,3,2,1258,60548,1984,12,203,280,36.024503,-79.039738,0,1,0,0,0,0
1,4,4,3802,16639,2003,13,151,83,35.7804297,-79.0599374,0,1,0,0,0,0
1,4,3,3132,4356,2007,22,191,82,35.9438941,-79.0895936,0,1,0,0,0,0
1,4,4,3875,13068,2017,26,187,336,35.841089,-79.060908,0,1,0,0,0,0
1,3,3,3114,13460,1997,28,160,244,35.8359822,-79.0349533,0,1,0,0,0,0
1,4,5,4973,13503,2007,29,131,336,35.841787,-79.0609526,0,1,0,0,0,0
1,5,5,5522,22651,2005,56,136,54,35.9118828,-79.007699,0,1,0,0,0,0
1,4,3,2164,3833,2018,62,155,130,35.8174338390577,-79.1092611808674,0,1,0,0,0,0
0,4,3,2028,5227,2018,63,130,35,35.9460661189121,-78.9989940169816,0,1,0,0,0,0
1,4,4,4172,121968,1908,259,839,280,35.9198485,-79.0465626,0,1,0,0,0,0
1,5,5,4914,28314,1996,394,114,244,35.8456363,-79.0490126,0,1,0,0,0,0
1,4,5,2895,8276,1995,1321,159,432,35.8470749,-79.040521,0,1,0,0,0,0
1,4,3,2860,6969,2018,47,145,280,35.821742,-79.113204,0,1,0,0,0,0
1,2,2,1904,6969,2018,47,200,280,35.827044,-79.124182,0,1,0,0,0,0
1,3,2.5,2038,6969,1989,54.5,149,280,35.8292954,-79.1021524,0,1,0,0,0,0
1,3,3,2584,6969,1989,54.5,160,280,35.8292954,-79.1021524,0,1,0,0,0,0
0,3,2.5,1760,6969,1989,54.5,156,280,35.8292954,-79.1021524,0,1,0,0,0,0
1,3,2.5,2735,6969,1989,54.5,137,280,35.8292954,-79.1021524,0,1,0,0,0,0
1,3,2.5,2198,6969,1989,54.5,156,280,35.818184,-79.1084652,0,1,0,0,0,0
1,3,3,2066,6969,1989,54.5,192,280,35.8292954,-79.1021524,0,1,0,0,0,0
1,4,4,3192,6969,1993,2,136,280,30.3235271,-81.592687,0,1,0,0,0,0
1,4,3,2355,6969,2018,2,130,50,30.111708,-81.520581,0,1,0,0,0,0
0,3,2,2116,6969,1906,4,77,280,30.3376317,-81.6507302,0,1,0,0,0,0
0,2,2,1178,6969,2001,4,125,291,30.2576819,-81.5398089,0,0,0,0,0,0
1,3,2,2240,6969,2016,5,138,65,30.4580409,-81.5338024,0,1,0,0,0,0
0,3,2.5,2341,6969,2007,6,115,258,30.1285341,-81.5070023,0,0,1,0,0,0
0,5,3,2511,6969,2018,6,94,42,30.3569774,-81.7695497,0,1,0,0,0,0
0,4,2,1731,6969,1958,7,95,280,30.3174201,-81.7106683,0,1,0,0,0,0
0,3,1,828,6969,1955,7,42,280,30.3785538,-81.7016804,0,1,0,0,0,0
0,3,2,1938,6969,1977,7,143,280,30.1406777,-81.6254069,0,1,0,0,0,0
1,4,2,2600,6969,1999,8,131,13,30.1710014,-81.6353286,0,1,0,0,0,0
0,4,2.5,2667,6969,1969,9,104,4,30.367703,-81.5816615,0,1,0,0,0,0
1,3,2.5,2520,6969,2018,9,151,67,30.287694976981,-81.449464999666,0,1,0,0,0,0
0,4,2,2270,6969,2003,12,97,33,30.3300169,-81.8497813,0,1,0,0,0,0
1,5,4.5,4314,6969,2018,12,298,275,30.253126,-81.443928,0,1,0,0,0,0
0,2,1,810,6969,1966,13,99,280,30.2311181,-81.72518,0,1,0,0,0,0
0,4,2,1863,6969,2018,22,113,7,30.45621,-81.76475,0,1,0,0,0,0
1,3,2,2528,6969,2015,22,232,8,30.293131,-81.476999,0,1,0,0,0,0
0,2,2,1429,6969,1973,27,28,375,30.326779,-81.577759,0,0,0,0,0,0
0,3,1,952,6969,1945,29,120,280,30.3154455,-81.5837836,0,1,0,0,0,0
0,4,2,1796,6969,1990,30,103,280,30.4772234,-81.5777652,0,1,0,0,0,0
1,4,3,2654,6969,2015,31,154,30,30.114084,-81.453472,0,1,0,0,0,0
0,3,2,1770,6969,2004,32,127,36,30.4847396,-81.5700326,0,1,0,0,0,0
1,3,3.5,2912,6969,2018,33,360,220,30.345683,-81.411112,0,1,0,0,0,0
0,3,2,1284,6969,2007,34,129,310,30.243109,-81.59193,0,0,0,0,0,0
0,3,1,883,6969,1953,35,88,280,30.3149874,-81.71085,0,1,0,0,0,0
1,4,3.5,2693,6969,1989,36,148,15,30.306777,-81.4469752,0,1,0,0,0,0
0,2,2,1338,6969,2003,38,213,280,30.3269041,-81.6637258,0,0,0,0,0,0
0,4,2,2159,6969,1999,39,132,117,30.187876,-81.7741307,0,1,0,0,0,0
0,2,2,1797,6969,2008,40,105,239,30.126433,-81.538208,0,0,0,0,0,0
0,4,1,1854,6969,1959,42,94,280,30.2770861,-81.5875101,0,1,0,0,0,0
0,3,2,1613,6969,2002,42,127,20,30.1447459,-81.5670752,0,1,0,0,0,0
0,3,2,1728,6969,2002,42,75,280,30.4047608,-81.6923486,0,1,0,0,0,0
0,2,1,572,6969,1960,45,51,280,30.360569,-81.738634,0,1,0,0,0,0
1,4,3,2238,6969,1995,47,208,115,30.2816153,-81.4669276,0,1,0,0,0,0
1,3,3.5,3497,6969,2005,51,256,280,30.2304251,-81.619434,0,1,0,0,0,0
0,4,2,1326,6969,1948,51,136,280,30.3084393,-81.7225656,0,1,0,0,0,0
0,3,1,1216,6969,1948,55,53,280,30.3841392,-81.640389,0,1,0,0,0,0
0,3,1,1164,6969,1948,57,102,280,30.2777386,-81.7335253,0,1,0,0,0,0
0,3,2,986,6969,1980,60,115,280,30.205084,-81.7939038,0,1,0,0,0,0
1,3,2,1710,6969,1939,61,272,280,30.20159,-81.591128,0,1,0,0,0,0
0,3,2,1309,6969,1954,62,69,280,30.3315567,-81.5943754,0,1,0,0,0,0
0,3,2,1672,6969,1957,62,84,280,30.2507555,-81.7231215,0,1,0,0,0,0
0,3,2.5,1637,6969,1958,67,107,280,30.2231007,-81.7345359,0,1,0,0,0,0
0,5,4,2126,6969,1942,71,87,280,30.2418995,-81.7470111,0,1,0,0,0,0
0,3,2,1501,6969,1980,76,93,280,30.1946557,-81.7633848,0,1,0,0,0,0
0,3,1,849,6969,1951,79,68,280,30.3946563,-81.7457304,0,1,0,0,0,0
0,7,3,2378,6969,1957,85,97,280,30.272762,-81.841372,0,0,0,1,0,0
0,3,2,1215,6969,1941,86,123,280,30.314935,-81.723513,0,1,0,0,0,0
1,4,3,2512,6969,1994,91,150,29,30.183331,-81.639586,0,1,0,0,0,0
0,3,2.5,2520,6969,2017,92,115,56,30.218196868897,-81.805252075195,0,1,0,0,0,0
0,5,3,2511,6969,2017,92,94,7,30.460499,-81.762381,0,1,0,0,0,0
1,4,3.5,2744,6969,2017,98,137,42,30.1815,-81.5909,0,1,0,0,0,0
1,3,2.5,1632,6969,1919,99,260,280,30.3134657,-81.6996825,0,1,0,0,0,0
0,3,1,1179,6969,1955,107,85,280,30.3306136,-81.5908791,0,1,0,0,0,0
1,4,4.5,3100,6969,2018,112,208,375,30.2194,-81.612383,0,1,0,0,0,0
1,4,3.5,2440,6969,2017,112,216,375,30.219494,-81.613199,0,1,0,0,0,0
1,2,2,1338,6969,2003,116,248,599,30.3269041,-81.6637258,0,0,0,0,0,0
0,3,2,1275,6969,1949,118,59,280,30.3824167,-81.6679969,0,1,0,0,0,0
0,4,2,1325,6969,1962,120,125,280,30.359242,-81.5910651,0,1,0,0,0,0
1,3,2.5,1990,6969,1959,120,156,280,30.2527342,-81.6309931,0,1,0,0,0,0
0,3,1.5,1232,6969,1949,121,45,280,30.3455143,-81.6926677,0,1,0,0,0,0
0,4,2.5,2495,6969,2016,122,109,42,30.528948,-81.616375,0,1,0,0,0,0
0,3,1,1116,6969,1954,124,36,280,30.3227803,-81.7201714,0,1,0,0,0,0
0,3,2,1220,6969,2015,129,106,280,30.317385,-81.5627536,0,1,0,0,0,0
0,3,1,816,6969,1959,131,100,280,30.424241,-81.6614947,0,1,0,0,0,0
0,1,1,1033,6969,1954,131,126,280,30.2893891,-81.7934572,0,1,0,0,0,0
0,3,2,1704,6969,1947,132,100,280,30.3349148,-81.5999418,0,1,0,0,0,0
0,4,4,2566,6969,2017,139,115,67,30.440822601318,-81.704200744629,0,1,0,0,0,0
0,4,2,2020,6969,2017,151,111,14,30.454571,-81.759231,0,1,0,0,0,0
1,5,6,6878,6969,1929,195,479,280,30.2673953,-81.7007791,0,1,0,0,0,0
0,3,3,1765,6969,1973,196,88,280,30.2080152,-81.6202296,0,0,0,0,0,0
0,4,2,2135,6969,2017,225,121,56,30.218196868897,-81.805252075195,0,1,0,0,0,0
1,4,3.5,2995,6969,2017,230,130,67,30.296688079834,-81.442176818848,0,1,0,0,0,0
0,4,2,1276,6969,1972,232,82,280,30.4142064,-81.731426,0,1,0,0,0,0
1,3,2,2496,6969,1955,262,481,280,30.503878,-81.54857,0,1,0,0,0,0
0,3,3,2438,6969,1981,266,88,280,30.3036715,-81.830353,0,1,0,0,0,0
1,4,2.5,2757,6969,2017,280,120,46,30.217420578003,-81.828819274902,0,1,0,0,0,0
0,3,2,1753,6969,1978,296,47,280,30.523579,-81.7417599,0,1,0,0,0,0
0,4,2,2084,6969,2017,296,113,35,30.47158,-81.625673,0,1,0,0,0,0
1,7,7.5,6823,6969,1941,310,202,280,30.315029,-81.608591,0,1,0,0,0,0
1,4,3,2442,6969,2017,359,176,164,30.219775,-81.502026,0,1,0,0,0,0
0,3,1.5,1416,6969,1955,365,84,280,30.4706397,-81.6537166,0,1,0,0,0,0
1,5,3.5,3811,6969,1989,54.5,125,280,30.1446628,-81.6434249,0,1,0,0,0,0
0,4,2,1698,6969,1989,54.5,108,280,30.3540718,-81.771277,0,1,0,0,0,0
1,4,3.5,3330,6969,1989,54.5,132,280,30.223175,-81.505391,0,1,0,0,0,0
0,2,2,1453,6969,1989,54.5,164,280,30.1066268,-81.5191341,0,1,0,0,0,0
1,4,3.5,2877,6969,1989,54.5,153,280,30.1446628,-81.6434249,0,1,0,0,0,0
1,4,3,2844,6969,1989,54.5,131,280,30.180892,-81.5927067,0,1,0,0,0,0
0,3,2,2254,6969,1989,54.5,123,280,30.3499,-81.5498,0,1,0,0,0,0
1,5,3.5,3453,6969,1989,54.5,110,280,30.187573382593,-81.842479705811,0,0,1,0,0,0
0,5,3,2511,6969,1989,54.5,96,280,30.3594332,-81.5609032,0,1,0,0,0,0
0,3,2,1646,6969,1989,54.5,176,280,30.2817,-81.4932,0,1,0,0,0,0
0,4,3,1871,6969,1989,54.5,114,280,30.536543,-81.620101,0,1,0,0,0,0
0,4,2,2606,6969,1989,54.5,97,280,30.536543,-81.620101,0,1,0,0,0,0
1,5,4,4099,6969,1989,54.5,75,280,30.536543,-81.620101,0,1,0,0,0,0
1,4,2,3917,1707,1910,1,146,280,40.82437,-73.8992782,0,0,0,1,0,0
1,11,6.5,3000,2000,1990,1,467,280,40.604625,-73.9591049,0,0,0,1,0,0
1,4,3,1938,2400,1925,1,712,280,40.6351404,-74.0288647,0,0,0,1,0,0
1,8,3.5,2508,2600,1925,2,269,280,40.695862,-73.789965,0,0,0,1,0,0
1,1,1,747,6969,1949,2,574,325,40.7318951,-73.8540818,0,0,0,0,0,0
1,3,1.5,1188,2753,1950,3,841,280,40.752156,-73.8135269,0,0,1,0,0,0
1,5,2.5,2052,2300,1989,5,241,280,40.643053,-73.911291,0,0,0,1,0,0
1,6,3,1575,2000,1930,6,921,280,40.618063,-74.007866,0,0,0,1,0,0
1,3,2,1376,2400,1970,6,414,280,40.5700738,-74.1228155,0,1,0,0,0,0
1,16,6,5712,3200,1930,6,411,280,40.70772,-73.893726,0,0,0,0,1,0
1,4,3,3595,12375,1992,7,334,280,40.5175383,-74.2109853,0,1,0,0,0,0
1,3,2,1600,10988,1980,7,531,280,40.618345,-74.093655,0,1,0,0,0,0
1,3,3,1224,720,1989,8,261,220,40.6349347,-74.1688954,0,1,0,0,0,0
1,2,1,900,6969,1941,8,389,280,40.8860737,-73.9065373,0,0,0,0,0,0
1,3,2,2574,4000,1970,9,334,280,40.6000552,-74.1393234,0,0,1,0,0,0
1,3,3,1008,4000,1955,9,624,280,40.682151,-73.80053,0,1,0,0,0,0
1,3,1.5,1080,2000,1910,9,972,280,40.6157169,-73.947401,0,1,0,0,0,0
0,1,1,666,6969,1966,9,353,407,40.6570179,-73.878154,0,0,0,0,0,0
1,9,6,3960,2910,1994,12,505,280,40.595354,-73.991869,0,0,0,1,0,0
1,0,1,516,6969,1962,12,1432,280,40.7361064,-73.9865382,0,0,0,0,0,0
1,3,3,2250,6968,1905,13,400,280,40.6261819,-74.1325981,0,0,0,1,0,0
1,3,4,2400,2625,2004,15,287,280,40.590469,-74.147066,0,1,0,0,0,0
0,1,1,750,6969,1968,15,212,280,40.9056542,-73.8586761,0,0,0,0,0,0
0,1,1,875,6969,1968,15,177,280,40.9056542,-73.8586761,0,0,0,0,0,0
1,3,3,3360,5000,1930,16,268,280,40.845473,-73.8219416,0,0,0,1,0,0
1,3,2,1636,1641,1950,16,482,280,40.727042,-73.87748,0,0,1,0,0,0
1,3,2,1365,6969,1989,16,512,314,40.7951503,-73.8468506,0,0,0,0,0,0
1,6,3,1219,3300,2011,17,1312,280,40.758621,-73.801107,0,0,0,1,0,0
1,3,2,1450,6969,1953,20,482,280,40.8828679,-73.9112962,0,0,0,0,0,0
1,4,2,2000,2916,2007,20,475,280,40.622804,-73.907368,0,1,0,0,0,0
1,6,2.5,2020,5000,1925,21,475,280,40.786387,-73.850708,0,1,0,0,0,0
1,3,3,2400,4300,1965,21,354,280,40.5528222,-74.1711308,0,0,1,0,0,0
1,2,1,701,6969,2018,21,820,259,40.7203369,-73.8087168,0,0,0,0,0,0
1,1,1,755,6969,1953,22,661,280,40.6475359,-73.9755189,0,0,0,0,0,0
1,4,4,3000,1899,1931,22,533,280,40.6921351,-73.9497475,0,0,0,1,0,0
1,3,2,1945,5000,1930,22,354,280,40.57602,-74.1155196,0,1,0,0,0,0
1,3,2.5,1292,2000,1925,22,618,280,40.6288132,-73.9452939,0,1,0,0,0,0
1,6,4,2295,3049,1920,23,327,280,40.8370531,-73.8362778,0,0,0,1,0,0
1,2,1.5,1944,6115,1899,23,412,280,40.8545797,-73.790882,0,1,0,0,0,0
0,1,1,850,849,1955,23,235,280,40.8831467,-73.920854,0,0,0,0,0,0
1,3,2,1197,1484,1987,23,358,1093,40.6112436,-74.0942048,0,0,0,0,0,0
0,1,1,700,6969,1952,27,284,280,40.7089277,-73.827086,0,0,0,0,0,0
1,2,1,807,6969,1940,28,520,558,40.7680633,-73.8922401,0,0,0,0,0,0
1,3,4,1500,2678,2018,28,453,280,40.5656197,-74.1041522,0,1,0,0,0,0
1,2,1,691,691,1920,28,854,667,40.6603044,-73.9789845,0,0,0,0,0,0
1,8,3,3000,2000,1989,28,300,280,40.6437079,-73.991905,0,0,0,1,0,0
1,4,3,890,1102,2005,29,730,280,40.8226881,-73.9021681,0,0,0,1,0,0
1,2,1,900,6969,1924,29,511,280,40.6280062,-74.0257695,0,0,0,0,0,0
1,2,1.5,992,1953,1920,30,845,280,40.6325999,-74.019672,0,1,0,0,0,0
0,2,1,1000,6969,1928,30,238,280,40.9025345,-73.9061716,0,0,0,0,0,0
1,3,3,1792,2376,1980,30,324,280,40.604545,-74.160818,0,1,0,0,0,0
1,6,3,1500,3123,1901,30,453,280,40.869798,-73.887295,0,0,0,1,0,0
1,5,3,2577,3817,1925,33,873,280,40.6292359,-74.0346153,0,1,0,0,0,0
1,4,2,1982,2857,1899,33,343,280,40.8820467,-73.857424,0,0,0,1,0,0
1,6,2,2824,2099,1975,34,230,280,40.872824,-73.857781,0,0,0,1,0,0
1,8,2,3350,2500,1925,34,224,280,40.819198,-73.886908,0,0,0,1,0,0
1,3,2,1332,1800,1925,34,487,280,40.614643,-74.101641,0,1,0,0,0,0
1,2,1.5,2240,1200,1989,35,670,280,40.5989721,-73.9782445,0,1,0,0,0,0
1,4,3.5,2360,2000,1989,35,678,280,40.6189661,-74.0079895,0,0,0,1,0,0
0,2,1,850,6969,1955,36,235,280,40.6142545,-73.9216976,0,0,0,0,0,0
1,5,2.5,2850,1910,1990,37,414,280,40.693429,-73.914323,0,0,0,1,0,0
1,3,3,4360,2000,1899,37,367,280,40.6835284,-73.9504514,0,1,0,0,0,0
1,6,3.5,1900,1900,1925,41,605,280,40.703744,-73.885731,0,0,0,1,0,0
1,5,4,2496,4000,1970,42,304,280,40.558455,-74.1336253,0,0,1,0,0,0
1,4,4,3600,2000,1892,42,639,280,40.6807603,-73.9329386,0,0,0,1,0,0
1,3,1.5,1678,3600,1925,42,953,280,40.6087967,-73.9461426,0,1,0,0,0,0
1,4,2,1838,1581,1901,42,380,280,40.8198884,-73.927727,0,0,1,0,0,0
1,6,3,2244,6072,1910,42,289,280,40.642953,-74.087853,0,0,1,0,0,0
1,2,2,1178,6969,1960,43,552,280,40.5759868,-73.95605,0,0,0,0,0,0
1,2,2.75,2024,2063,1989,43,686,280,40.6030048,-74.0146115,0,0,0,1,0,0
1,4,3.5,2445,4000,2012,43,716,280,40.7516679,-73.771297,0,1,0,0,0,0
1,4,4.75,4200,23250,1951,44,445,280,40.5265593,-74.223802,0,1,0,0,0,0
1,3,2.5,2465,4000,1959,44,649,280,40.6079543,-73.9032126,0,1,0,0,0,0
1,5,2.5,2160,2834,1999,47,338,280,40.547045,-74.215917,0,1,0,0,0,0
1,2,1,900,6969,1960,47,499,280,40.7305434,-73.8516104,0,0,0,0,0,0
1,4,2,1408,2263,1905,47,305,280,40.637243,-74.1154197,0,0,1,0,0,0
0,2,1,1000,6969,1955,49,198,280,40.734848,-73.8232512,0,0,0,0,0,0
1,2,2,1478,1260,1992,50,297,90,40.5366144,-74.219801,0,1,0,0,0,0
1,2,2,690,6969,2007,57,543,392,40.7103831,-73.7859917,0,0,0,0,0,0
1,5,3.5,2880,2736,1960,58,465,280,40.610202,-73.976001,0,0,0,1,0,0
1,3,3,1756,1026,1983,58,268,307,40.6029103,-74.1707981,0,1,0,0,0,0
1,6,4,1350,4000,2018,58,1332,280,40.765307,-73.766249,0,0,0,1,0,0
1,1,1,696,6969,2017,63,1134,415,40.719563,-73.841564,0,0,0,0,0,0
1,3,1,1524,2500,1920,64,318,280,40.6142958,-74.0695985,0,1,0,0,0,0
1,4,3,2200,4650,1950,65,617,280,40.7680116,-73.7951043,0,0,0,1,0,0
1,3,1.5,1210,3200,1955,69,702,280,40.766045,-73.792522,0,1,0,0,0,0
1,6,3,2640,2591,1901,76,246,280,40.8167422,-73.903109,0,0,0,1,0,0
1,3,2,1300,3408,1999,77,446,280,40.5523486,-74.2113177,0,1,0,0,0,0
1,3,2.25,2322,1800,1910,77,452,280,40.6510404,-73.9484157,0,0,0,1,0,0
1,3,2.5,921,1942,1910,80,543,280,40.840088,-73.92273,0,0,0,1,0,0
1,3,1.5,2012,2000,1940,82,447,280,40.5972355,-73.9464641,0,1,0,0,0,0
1,3,1.5,1150,2000,1993,82,474,280,40.5704875,-74.125667,0,1,0,0,0,0
1,5,3,2664,4100,1910,82,225,280,40.6402334,-74.0891935,0,1,0,0,0,0
1,2,1.5,975,6969,1989,83,666,280,40.634005,-73.968892,0,0,0,0,0,0
1,3,1,1400,6969,1955,86,356,280,40.73526,-73.8666067,0,0,0,0,0,0
1,1,1,700,6969,1988,89,599,375,40.7440677,-73.8354757,0,0,0,0,0,0
1,2,1,950,6969,1960,90,631,280,40.6339937,-74.0363466,0,0,0,0,0,0
0,1,1,900,6969,1958,90,211,280,40.908552,-73.896916,0,0,0,0,0,0
1,3,5,1320,2240,2006,91,446,280,40.511767,-74.248688,0,1,0,0,0,0
1,4,2,816,2500,1930,92,1532,280,40.606029,-74.001926,0,0,0,1,0,0
1,2,1,1100,6969,1941,92,335,280,40.6341076,-73.9517855,0,0,0,0,0,0
1,6,4.5,2760,2000,1960,92,362,280,40.611228,-73.9213661,0,0,0,1,0,0
1,5,2.75,2052,2800,1989,93,682,280,40.603964,-73.912657,0,0,0,1,0,0
1,3,2,1224,2000,1899,96,489,280,40.6757135,-73.8742615,0,1,0,0,0,0
1,3,1,1840,1924,1989,100,646,280,40.6201311,-74.0264646,0,0,0,1,0,0
1,3,1.5,1840,1572,1945,103,236,280,40.890018,-73.848774,0,1,0,0,0,0
1,3,2,1182,6660,1965,107,634,280,40.6139222,-74.165489,0,1,0,0,0,0
0,2,1,819,6969,1956,110,365,280,40.7327264,-73.9001426,0,0,0,0,0,0
1,2,1,900,6969,1963,111,433,280,40.9068884,-73.9059823,0,0,0,0,0,0
1,5,3,2205,840,2007,112,306,280,40.6882394,-73.8738641,0,0,0,1,0,0
1,4,4,3300,9000,2004,118,364,280,40.5511677,-74.1878257,0,0,1,0,0,0
1,4,2,1400,2000,1935,120,557,280,40.763965,-73.884702,0,0,1,0,0,0
1,11,6,3246,5000,1931,125,277,280,40.6365435,-74.1653514,0,0,0,0,1,0
1,3,2,1567,4800,1983,1,421,280,33.9048814,-117.7722014,0,1,0,0,0,0
1,4,2.75,2706,6389,2003,1,370,250,33.4556206,-117.6225756,0,1,0,0,0,0
1,3,2.5,2339,9775,1989,1,556,127,33.4534029,-117.6393514,0,1,0,0,0,0
1,5,3,2864,4500,2014,1,347,215,33.4897095,-117.6422957,0,0,0,0,0,0
1,3,2.5,1800,3600,2017,2,411,227,33.5264704,-117.6288156,0,1,0,0,0,0
1,4,3.5,3390,8871,2003,2,764,478,33.625685,-117.8185369,0,1,0,0,0,0
1,4,3.5,2477,8023,1969,2,898,110,33.6223018,-117.8531681,0,1,0,0,0,0
1,2,2,1252,6969,2001,2,375,494,33.559983,-117.633972,0,0,0,0,0,0
1,3,2.5,2500,3816,1998,2,900,235,33.6069288,-117.8240891,0,1,0,0,0,0
1,6,2.5,2882,6900,1972,2,312,21,33.5669211,-117.658259,0,1,0,0,0,0
1,4,2,1540,12600,1968,3,451,280,33.8740681,-117.8282534,0,1,0,0,0,0
1,5,3.5,3500,10379,1965,4,429,280,33.9009843,-117.9109233,0,1,0,0,0,0
1,4,3,2775,6000,1997,4,1003,345,33.6219429,-117.8870632,0,1,0,0,0,0
1,5,4.5,4302,10400,1983,5,759,305,33.6295231,-117.8645164,0,1,0,0,0,0
1,3,2,1450,7200,1956,5,434,280,33.8223127,-117.9345799,0,1,0,0,0,0
1,3,2,1367,2534,1963,5,366,260,33.886297,-117.870092,0,1,0,0,0,0
1,3,2,1673,5940,1958,5,338,280,33.7189966,-117.8994611,0,1,0,0,0,0
1,3,2,1083,1816,1989,5,396,339,33.686924,-117.626862,0,0,0,0,0,0
1,3,2.5,1771,6969,1993,5,353,300,33.796216,-117.818397,0,0,1,0,0,0
1,3,2,1501,9405,1960,6,506,280,33.8279179,-117.831288,0,1,0,0,0,0
1,4,4.5,3258,5893,2011,6,457,258,33.596211,-117.7248523,0,1,0,0,0,0
1,3,1.5,1213,7425,1959,6,482,280,33.7856521,-118.0116295,0,1,0,0,0,0
1,2,2,1210,1210,1994,6,443,306,33.756072,-117.766309,0,0,0,0,0,0
1,5,4,4000,9350,1993,6,325,230,33.6002943,-117.5803547,0,1,0,0,0,0
1,3,1.75,1247,6533,1955,7,481,280,33.8486738,-118.0236363,0,1,0,0,0,0
1,2,1.5,1102,6969,1974,7,327,347,33.7567474,-117.8426735,0,0,1,0,0,0
1,4,1.75,1870,7000,1966,9,454,280,33.8114909,-117.820679,0,1,0,0,0,0
1,4,4.5,3642,6969,1995,9,713,670,33.6046523,-117.8328924,0,0,0,0,0,0
1,5,5.25,3814,5126,2018,9,371,212,33.6917217,-117.6610854,0,1,0,0,0,0
1,3,2.5,2889,10500,1990,9,460,280,33.5204288,-117.6498164,0,1,0,0,0,0
1,3,2.5,1622,4343,2001,12,369,280,33.8657569,-117.8310224,0,1,0,0,0,0
0,1,1,800,6969,1962,12,263,452,33.765515,-118.079731,0,0,0,0,0,0
1,4,2.5,2116,6000,1965,12,307,280,33.8198901,-118.0201925,0,1,0,0,0,0
0,1,1,596,6969,1972,13,453,300,33.779504,-117.860757,0,0,0,0,0,0
1,4,2.5,2584,6000,1987,13,329,275,33.7854973,-117.7842178,0,1,0,0,0,0
1,5,6,5337,7083,1998,13,861,280,33.6172487,-117.9119342,0,1,0,0,0,0
1,2,1,1008,871,1978,13,346,320,33.889892,-117.846557,0,0,0,0,0,0
1,4,4.5,3764,23000,2000,13,823,280,33.5509639,-117.7598491,0,1,0,0,0,0
1,3,3.5,4000,12845,2001,13,1199,650,33.603379,-117.8179147,0,1,0,0,0,0
1,2,2.5,1493,1000,2008,14,401,286,33.9032221,-117.7845112,0,0,1,0,0,0
1,5,3,3258,7134,1970,14,269,280,33.8144225,-117.9563401,0,1,0,0,0,0
1,2,2,1575,3825,1977,14,460,200,33.5519776,-117.703736,0,1,0,0,0,0
1,3,2.5,2700,6000,1975,15,343,118,33.621638,-117.580804,0,1,0,0,0,0
1,5,4.5,3580,17325,1991,15,388,280,33.8834856,-117.8114792,0,1,0,0,0,0
1,5,3,2372,13090,1959,16,407,280,33.8806634,-117.8046524,0,1,0,0,0,0
1,3,1,1380,5400,1926,17,326,280,33.7360329,-117.8620258,0,1,0,0,0,0
1,5,3,2507,4417,2000,17,369,200,33.458698,-117.5819071,0,1,0,0,0,0
1,2,2,1423,6969,2015,19,432,219,33.676616,-117.6608821,0,0,0,0,0,0
1,4,1,4357,5280,2017,19,402,297,33.6772824,-117.708414,0,1,0,0,0,0
1,5,3.5,3498,18730,1967,20,343,280,33.9076943,-117.9171066,0,1,0,0,0,0
1,6,6.5,8010,43560,2001,20,249,280,33.929626,-117.8008997,0,1,0,0,0,0
1,2,2,984,6969,1986,20,690,380,33.6416935,-117.8641574,0,0,0,0,0,0
1,2,2,2167,6969,1970,23,872,740,33.613338,-117.878898,0,0,0,0,0,0
1,2,2.25,1223,6969,2018,25,448,248,33.5264704,-117.6288156,0,0,1,0,0,0
1,4,3.25,2436,20000,1977,25,468,280,33.8578109,-117.7637722,0,1,0,0,0,0
1,2,2,1472,6969,2013,26,611,275,33.6519526,-117.9814429,0,0,0,0,0,0
1,2,2,2216,5460,2017,26,447,303,33.911446,-117.847371,0,1,0,0,0,0
1,3,2.5,2846,2500,1984,26,527,799,33.4663899,-117.694216,0,0,0,0,0,0
1,3,2.5,2002,5219,1988,26,409,441,33.6174691,-117.5851031,0,1,0,0,0,0
1,5,4.5,5031,21998,2004,27,298,280,33.8558358,-117.7569416,0,1,0,0,0,0
1,3,2.5,1700,1876,1974,27,394,399,33.4265999,-117.6092812,0,0,1,0,0,0
1,4,3.5,2400,3049,1972,28,885,280,33.5267806,-117.7610805,0,1,0,0,0,0
1,3,2.5,1280,6969,1986,33,403,335,33.6562121,-117.6447268,0,0,0,0,0,0
1,4,2.5,2179,10350,1987,33,394,40,33.8346773,-117.8255328,0,1,0,0,0,0
1,3,2.5,2730,4000,1990,34,329,560,33.605794,-117.58606,0,0,1,0,0,0
1,4,4.5,3693,8134,2004,35,718,478,33.6209384,-117.8200989,0,1,0,0,0,0
1,5,2,1441,8712,1924,37,833,280,33.6509355,-117.9174108,0,0,0,1,0,0
1,4,2,1479,6100,1955,37,426,280,33.8435799,-117.9447591,0,1,0,0,0,0
1,4,3,3367,16000,1991,37,355,22,33.4327609,-117.5989508,0,1,0,0,0,0
0,2,1,676,6969,1996,37,15,280,33.9257962,-117.8049573,1,0,0,0,0,0
1,2,1,798,6969,1972,40,381,250,33.4960581,-117.6704643,0,0,0,0,0,0
1,3,2.5,1689,4800,1967,40,400,280,33.8570776,-118.0397036,0,1,0,0,0,0
1,5,3.5,4440,9000,1988,40,348,210,33.6405639,-117.6266177,0,1,0,0,0,0
1,1,1,896,900,1973,41,396,365,33.4091846,-117.5991995,0,0,0,0,0,0
1,5,4,2578,6016,1991,42,419,280,33.7437922,-117.8616147,0,0,0,1,0,0
1,2,1,857,2852,1961,42,757,280,33.7930715,-117.8599623,0,1,0,0,0,0
1,2,2,1520,6969,2006,43,451,1000,33.6740315,-117.8431399,0,0,0,0,0,0
1,4,2,1308,6180,1949,43,420,280,33.718686,-117.8828756,0,1,0,0,0,0
1,5,2.75,2938,9270,1977,48,305,280,33.8931776,-117.9684204,0,1,0,0,0,0
1,2,1,1150,1000,1962,49,321,366,33.7670556,-118.0831831,0,0,0,0,0,0
1,4,3,2077,3200,2011,50,599,280,33.6452165,-117.7596457,0,0,0,0,0,0
1,5,4.75,3116,6751,2005,50,770,410,33.6277718,-117.8225566,0,1,0,0,0,0
1,6,6.5,5047,6532,2013,50,458,383,33.7012488,-117.7135348,0,1,0,0,0,0
1,5,2.5,2886,8000,1995,54,433,280,33.871946,-117.8539164,0,1,0,0,0,0
1,5,4.5,2753,3700,2015,54,541,197,33.739273,-117.753502,0,1,0,0,0,0
1,4,3,2104,3825,1978,55,368,200,33.5522626,-117.7061527,0,1,0,0,0,0
1,3,2.5,1742,1500,2018,55,360,227,33.5264704,-117.6288156,0,0,1,0,0,0
1,3,1,1300,6500,1931,57,381,280,33.9325729,-117.9536012,0,1,0,0,0,0
1,2,2,1032,6969,1972,57,368,460,33.6591194,-117.9756729,0,0,0,0,0,0
1,5,4.75,4048,7000,2005,58,1157,615,33.572931,-117.832288,0,1,0,0,0,0
1,3,2,1344,1437,1992,61,372,325,33.6492376,-117.5846307,0,0,0,0,0,0
1,5,5,6895,16048,1992,62,391,280,33.518629,-117.657882,0,1,0,0,0,0
1,3,3,1621,6969,1995,63,709,453,33.6034544,-117.8256129,0,0,1,0,0,0
1,4,4.5,4170,9500,2017,64,454,280,33.8920447,-117.888865,0,1,0,0,0,0
0,2,2,1122,435600000,1975,64,267,657,33.6084074,-117.7516774,0,0,0,0,0,0
0,1,1,700,735,1952,75,257,650,33.7477758,-118.1105973,1,0,0,0,0,0
1,6,6.5,4377,8541,2016,76,568,198,33.6699659,-117.68054,0,1,0,0,0,0
1,4,3,2011,5500,1986,81,397,181,33.548303,-117.6941974,0,1,0,0,0,0
1,6,5,5040,6969,2007,81,714,180,33.4259941,-117.5957257,0,1,0,0,0,0
1,4,3,1798,6969,1999,84,400,274,33.5658973,-117.7059925,0,0,0,0,0,0
1,4,2,1800,11325,1964,86,592,280,33.807499,-117.7963278,0,1,0,0,0,0
1,5,4.5,4330,7397,2013,91,924,115,33.6253108,-117.8509718,0,1,0,0,0,0
1,5,3.5,3418,5525,1997,92,417,237,33.4536329,-117.6191098,0,1,0,0,0,0
1,4,2,1712,11250,1952,93,379,280,33.8688065,-117.9897408,0,1,0,0,0,0
1,3,1,1062,8645,1957,96,513,280,33.8061747,-117.9503941,0,1,0,0,0,0
1,4,2,1467,5940,1958,101,436,280,33.7665091,-118.0302045,0,1,0,0,0,0
1,2,2,1257,1,1989,101,338,550,33.6239445,-117.6455003,0,0,0,0,0,0
1,4,3.5,2897,3000,2018,105,483,189,33.6842021,-117.7311141,0,1,0,0,0,0
1,16,8,7323,15108,1963,113,348,280,33.9310116,-117.9594536,0,0,0,0,1,0
1,2,1.5,1092,6969,1963,116,320,310,33.7403998,-117.8314758,0,0,0,0,0,0
1,4,2,1323,7200,1954,117,408,280,33.8235332,-117.9659724,0,1,0,0,0,0
1,3,3,2242,2500,1900,120,1650,280,33.6100791,-117.9300881,0,1,0,0,0,0
1,5,5.5,3100,4784,2015,125,435,158,33.6707244,-117.6872106,0,1,0,0,0,0
1,3,1.75,1678,7395,1978,126,378,280,33.746274,-117.611526,0,1,0,0,0,0
1,5,5.5,4734,8106,1998,126,496,215,33.7219594,-117.7524564,0,1,0,0,0,0
0,2,2,1473,6969,1977,130,119,280,33.6203374,-117.6977522,1,0,0,0,0,0
1,2,1.75,1760,6969,1979,131,203,208,33.708574,-117.7552113,1,0,0,0,0,0
1,5,4,3261,6969,2007,141,598,280,33.6288127,-117.9233669,0,0,1,0,0,0
1,4,4,4523,12598,2001,147,348,225,33.5690191,-117.5804044,0,1,0,0,0,0
1,5,4.5,5250,8980,2017,154,380,115,33.709141,-117.736193,0,1,0,0,0,0
1,2,2,1919,3540,1953,159,1199,280,33.6008293,-117.8692451,0,1,0,0,0,0
0,2,2,960,6969,1986,168,167,280,33.518949,-117.7557873,1,0,0,0,0,0
1,3,2,1630,7201,1954,180,393,280,33.8088798,-117.9572399,0,1,0,0,0,0
1,2,2,1054,6969,2017,189,451,280,33.6113645,-117.924211,1,0,0,0,0,0
1,3,1.75,1700,6969,1977,197,352,644,33.6042064,-117.7339909,0,0,0,0,0,0
1,3,3.5,3843,10139,2018,203,1340,280,33.4510583,-117.6570201,0,1,0,0,0,0
1,3,3,2660,5050,1961,215,611,280,33.6261148,-117.9219301,0,1,0,0,0,0
1,2,2,1054,6969,2017,219,451,280,33.6112133,-117.924244,1,0,0,0,0,0
1,1,1,750,8750,1937,231,1853,280,33.501299,-117.742638,0,1,0,0,0,0
1,9,9,4811,8276,1977,250,343,280,33.7057427,-117.9861405,0,0,0,1,0,0
1,2,3,1721,1001,2015,295,639,387,33.430633,-117.626063,0,0,1,0,0,0
1,3,2.75,2428,6689,2016,324,391,306,33.536279,-117.604158,0,1,0,0,0,0
1,5,4,2326,2178,1971,383,1313,280,33.6292102,-117.9551732,0,1,0,0,0,0
1,4,5,2800,7811,1965,411,498,280,33.46762,-117.6592544,0,0,0,1,0,0
1,4,3,1858,6969,2018,20,532,280,33.634137,-117.940479,0,1,0,0,0,0
1,2,2.5,1545,6969,2018,29,384,280,33.54794,-117.59602,0,1,0,0,0,0
1,5,4,2654,6969,2018,54,446,280,33.6682321,-117.6564262,0,1,0,0,0,0
1,3,3,1710,6969,2018,64,1273,280,33.624397,-117.945629,0,1,0,0,0,0
1,4,3.5,1912,6969,2017,74,339,280,33.542747,-117.599666,0,0,1,0,0,0
1,2,3,2362,6969,1989,54.5,392,280,33.542483,-117.601342,0,1,0,0,0,0
1,4,4.5,3684,6969,1989,54.5,415,280,33.475261,-117.668083,0,1,0,0,0,0
